{
  "dateAndTime": {
    "first": "04/23/24",
    "second": "Tue, 04:52 PM"
  },
  "itemId": "template13",
  "jsonList": [
    {
      "cardBackgroundColor": "#CCCBCB",
      "itemId": "template13",
      "mainItemList": [
        {
          "alpha": 255,
          "flipX": false,
          "flipY": false,
          "gradientColors": [
            "#FFFFFF",
            "#000000"
          ],
          "groupIcons": [],
          "heightInPercentage": 1,
          "imgDrawablePath": "template13/drawables/asset___7_.xml",
          "isBold": false,
          "isGradient": false,
          "isHide": false,
          "isItalic": false,
          "isLocked": true,
          "isSelected": false,
          "isShadow": false,
          "isUnderline": false,
          "keepAspectRatio": false,
          "layerType": "Image",
          "positionXinPercentage": 0,
          "positionYinPercentage": 0,
          "rotate": 0,
          "shadowColor": "#000000",
          "tag": "",
          "textColor": "#000000",
          "textFontPath": "",
          "textGravity": "CENTER",
          "textSize": 9,
          "textString": "This is some text. This is some text.",
          "textStroke": "FILL",
          "tintDrawableColor": "#ffffffff",
          "widthInPercentage": 1
        },
        {
          "alpha": 255,
          "flipX": false,
          "flipY": false,
          "gradientColors": [
            "#FFFFFF",
            "#000000"
          ],
          "groupIcons": [],
          "heightInPercentage": 1,
          "imgDrawablePath": "template13/drawables/asset___6_.xml",
          "isBold": false,
          "isGradient": false,
          "isHide": false,
          "isItalic": false,
          "isLocked": true,
          "isSelected": false,
          "isShadow": false,
          "isUnderline": false,
          "keepAspectRatio": false,
          "layerType": "Image",
          "positionXinPercentage": 0.49603173,
          "positionYinPercentage": 0,
          "rotate": 0,
          "shadowColor": "#000000",
          "tag": "",
          "textColor": "#000000",
          "textFontPath": "",
          "textGravity": "CENTER",
          "textSize": 9,
          "textString": "This is some text. This is some text.",
          "textStroke": "FILL",
          "tintDrawableColor": "0",
          "widthInPercentage": 0.50396824
        },
        {
          "alpha": 255,
          "flipX": false,
          "flipY": false,
          "gradientColors": [
            "#FFFFFF",
            "#000000"
          ],
          "groupIcons": [],
          "heightInPercentage": 0.8440411,
          "imgDrawablePath": "template13/drawables/asset___10_.xml",
          "isBold": false,
          "isGradient": false,
          "isHide": false,
          "isItalic": false,
          "isLocked": true,
          "isSelected": false,
          "isShadow": false,
          "isUnderline": false,
          "keepAspectRatio": false,
          "layerType": "Image",
          "positionXinPercentage": 0.41219196,
          "positionYinPercentage": 0.15595889,
          "rotate": 0,
          "shadowColor": "#000000",
          "tag": "",
          "textColor": "#000000",
          "textFontPath": "",
          "textGravity": "CENTER",
          "textSize": 9,
          "textString": "This is some text. This is some text.",
          "textStroke": "FILL",
          "tintDrawableColor": "0",
          "widthInPercentage": 0.587808
        },
        {
          "alpha": 255,
          "flipX": false,
          "flipY": false,
          "gradientColors": [
            "#FFFFFF",
            "#000000"
          ],
          "groupIcons": [],
          "heightInPercentage": 0.11284246,
          "imgDrawablePath": "template13/drawables/asset___4_.xml",
          "isBold": false,
          "isGradient": false,
          "isHide": false,
          "isItalic": false,
          "isLocked": true,
          "isSelected": false,
          "isShadow": false,
          "isUnderline": false,
          "keepAspectRatio": false,
          "layerType": "Image",
          "positionXinPercentage": 0,
          "positionYinPercentage": 0.83035713,
          "rotate": 0,
          "shadowColor": "#000000",
          "tag": "",
          "textColor": "#000000",
          "textFontPath": "",
          "textGravity": "CENTER",
          "textSize": 9,
          "textString": "This is some text. This is some text.",
          "textStroke": "FILL",
          "tintDrawableColor": "0",
          "widthInPercentage": 0.37164384
        },
        {
          "alpha": 255,
          "flipX": false,
          "flipY": false,
          "gradientColors": [
            "#FFFFFF",
            "#000000"
          ],
          "groupIcons": [],
          "heightInPercentage": 0.059139784,
          "imgDrawablePath": "",
          "isBold": false,
          "isGradient": false,
          "isHide": false,
          "isItalic": false,
          "isLocked": false,
          "isSelected": false,
          "isShadow": false,
          "isUnderline": false,
          "keepAspectRatio": false,
          "layerType": "TextView",
          "positionXinPercentage": 0,
          "positionYinPercentage": 0.8562142,
          "rotate": 0,
          "shadowColor": "#000000",
          "tag": "website",
          "textColor": "#FF000000",
          "textFontPath": "template13/fonts/Poppins-Regular.ttf",
          "textGravity": "END",
          "textSize": 4,
          "textString": "www.devsky.com",
          "textStroke": "FILL",
          "tintDrawableColor": "0",
          "widthInPercentage": 0.33829364
        },
        {
          "alpha": 255,
          "flipX": false,
          "flipY": false,
          "gradientColors": [
            "#FFFFFF",
            "#000000"
          ],
          "groupIcons": [],
          "heightInPercentage": 0.1979542,
          "imgDrawablePath": "template13/drawables/logo.xml",
          "isBold": false,
          "isGradient": false,
          "isHide": false,
          "isItalic": false,
          "isLocked": true,
          "isSelected": false,
          "isShadow": false,
          "isUnderline": false,
          "keepAspectRatio": true,
          "layerType": "Image",
          "positionXinPercentage": 0.155,
          "positionYinPercentage": 0.235,
          "rotate": 0,
          "shadowColor": "#000000",
          "tag": "logo",
          "textColor": "#000000",
          "textFontPath": "",
          "textGravity": "CENTER",
          "textSize": 9,
          "textString": "This is some text. This is some text.",
          "textStroke": "FILL",
          "tintDrawableColor": "0",
          "widthInPercentage": 0.13492064
        },
        {
          "alpha": 255,
          "flipX": false,
          "flipY": false,
          "gradientColors": [
            "#FFFFFF",
            "#000000"
          ],
          "groupIcons": [],
          "heightInPercentage": 0.08064516,
          "imgDrawablePath": "",
          "isBold": false,
          "isGradient": false,
          "isHide": false,
          "isItalic": false,
          "isLocked": false,
          "isSelected": false,
          "isShadow": false,
          "isUnderline": false,
          "keepAspectRatio": false,
          "layerType": "TextView",
          "positionXinPercentage": 0,
          "positionYinPercentage": 0.443,
          "rotate": 0,
          "shadowColor": "#000000",
          "tag": "company",
          "textColor": "#FF000000",
          "textFontPath": "template13/fonts/Aqila.otf",
          "textGravity": "CENTER",
          "textSize": 9,
          "textString": "Dev Sky ",
          "textStroke": "FILL",
          "tintDrawableColor": "0",
          "widthInPercentage": 0.4579762
        },
        {
          "alpha": 255,
          "flipX": false,
          "flipY": false,
          "gradientColors": [
            "#FFFFFF",
            "#000000"
          ],
          "groupIcons": [],
          "heightInPercentage": 0.048387095,
          "imgDrawablePath": "",
          "isBold": false,
          "isGradient": false,
          "isHide": false,
          "isItalic": false,
          "isLocked": false,
          "isSelected": false,
          "isShadow": false,
          "isUnderline": false,
          "keepAspectRatio": false,
          "layerType": "TextView",
          "positionXinPercentage": 0,
          "positionYinPercentage": 0.54910713,
          "rotate": 0,
          "shadowColor": "#000000",
          "tag": "tagline",
          "textColor": "#FF000000",
          "textFontPath": "template13/fonts/Objective-Light.otf",
          "textGravity": "CENTER",
          "textSize": 5,
          "textString": "We Make It Happened ",
          "textStroke": "FILL",
          "tintDrawableColor": "0",
          "widthInPercentage": 0.45762697
        },
        {
          "alpha": 255,
          "flipX": false,
          "flipY": false,
          "gradientColors": [
            "#FFFFFF",
            "#000000"
          ],
          "groupIcons": [],
          "heightInPercentage": 0.22345053,
          "imgDrawablePath": "template13/drawables/asset___3_.xml",
          "isBold": false,
          "isGradient": false,
          "isHide": false,
          "isItalic": false,
          "isLocked": true,
          "isSelected": false,
          "isShadow": false,
          "isUnderline": false,
          "keepAspectRatio": true,
          "layerType": "Image",
          "positionXinPercentage": 0.71803653,
          "positionYinPercentage": 0.46785715,
          "rotate": 0,
          "shadowColor": "#000000",
          "tag": "",
          "textColor": "#000000",
          "textFontPath": "",
          "textGravity": "CENTER",
          "textSize": 9,
          "textString": "This is some text. This is some text.",
          "textStroke": "FILL",
          "tintDrawableColor": "0",
          "widthInPercentage": 0.12599206
        }
      ]
    },
    {
      "cardBackgroundColor": "#CCCBCB",
      "itemId": "template13",
      "mainItemList": [
        {
          "alpha": 255,
          "flipX": false,
          "flipY": false,
          "gradientColors": [
            "#FFFFFF",
            "#000000"
          ],
          "groupIcons": [],
          "heightInPercentage": 1,
          "imgDrawablePath": "template13/drawables/asset___7_.xml",
          "isBold": false,
          "isGradient": false,
          "isHide": false,
          "isItalic": false,
          "isLocked": true,
          "isSelected": false,
          "isShadow": false,
          "isUnderline": false,
          "keepAspectRatio": false,
          "layerType": "Image",
          "positionXinPercentage": 0,
          "positionYinPercentage": 0,
          "rotate": 0,
          "shadowColor": "#000000",
          "tag": "",
          "textColor": "#000000",
          "textFontPath": "",
          "textGravity": "CENTER",
          "textSize": 9,
          "textString": "This is some text. This is some text.",
          "textStroke": "FILL",
          "tintDrawableColor": "#ffffffff",
          "widthInPercentage": 1
        },
        {
          "alpha": 255,
          "flipX": false,
          "flipY": false,
          "gradientColors": [
            "#FFFFFF",
            "#000000"
          ],
          "groupIcons": [],
          "heightInPercentage": 1,
          "imgDrawablePath": "template13/drawables/asset___6_.xml",
          "isBold": false,
          "isGradient": false,
          "isHide": false,
          "isItalic": false,
          "isLocked": true,
          "isSelected": false,
          "isShadow": false,
          "isUnderline": false,
          "keepAspectRatio": false,
          "layerType": "Image",
          "positionXinPercentage": 0.49603173,
          "positionYinPercentage": 0,
          "rotate": 0,
          "shadowColor": "#000000",
          "tag": "",
          "textColor": "#000000",
          "textFontPath": "",
          "textGravity": "CENTER",
          "textSize": 9,
          "textString": "This is some text. This is some text.",
          "textStroke": "FILL",
          "tintDrawableColor": "0",
          "widthInPercentage": 0.50396824
        },
        {
          "alpha": 255,
          "flipX": false,
          "flipY": false,
          "gradientColors": [
            "#FFFFFF",
            "#000000"
          ],
          "groupIcons": [],
          "heightInPercentage": 0.89,
          "imgDrawablePath": "template13/drawables/asset___10_.xml",
          "isBold": false,
          "isGradient": false,
          "isHide": false,
          "isItalic": false,
          "isLocked": true,
          "isSelected": false,
          "isShadow": false,
          "isUnderline": false,
          "keepAspectRatio": false,
          "layerType": "Image",
          "positionXinPercentage": 0.41219196,
          "positionYinPercentage": 0.110000014,
          "rotate": 0,
          "shadowColor": "#000000",
          "tag": "",
          "textColor": "#000000",
          "textFontPath": "",
          "textGravity": "CENTER",
          "textSize": 9,
          "textString": "This is some text. This is some text.",
          "textStroke": "FILL",
          "tintDrawableColor": "0",
          "widthInPercentage": 0.587808
        },
        {
          "alpha": 255,
          "flipX": false,
          "flipY": false,
          "gradientColors": [
            "#FFFFFF",
            "#000000"
          ],
          "groupIcons": [],
          "heightInPercentage": 0.198,
          "imgDrawablePath": "template13/drawables/logo.xml",
          "isBold": false,
          "isGradient": false,
          "isHide": false,
          "isItalic": false,
          "isLocked": true,
          "isSelected": false,
          "isShadow": false,
          "isUnderline": false,
          "keepAspectRatio": true,
          "layerType": "Image",
          "positionXinPercentage": 0.71347034,
          "positionYinPercentage": 0.38356164,
          "rotate": 0,
          "shadowColor": "#000000",
          "tag": "logo",
          "textColor": "#000000",
          "textFontPath": "",
          "textGravity": "CENTER",
          "textSize": 9,
          "textString": "This is some text. This is some text.",
          "textStroke": "FILL",
          "tintDrawableColor": "0",
          "widthInPercentage": 0.135
        },
        {
          "alpha": 255,
          "flipX": false,
          "flipY": false,
          "gradientColors": [
            "#FFFFFF",
            "#000000"
          ],
          "groupIcons": [],
          "heightInPercentage": 0.039285716,
          "imgDrawablePath": "",
          "isBold": false,
          "isGradient": false,
          "isHide": false,
          "isItalic": false,
          "isLocked": false,
          "isSelected": false,
          "isShadow": false,
          "isUnderline": false,
          "keepAspectRatio": false,
          "layerType": "TextView",
          "positionXinPercentage": 0.5649666,
          "positionYinPercentage": 0.6803653,
          "rotate": 0,
          "shadowColor": "#000000",
          "tag": "tagline",
          "textColor": "#ffffffff",
          "textFontPath": "template13/fonts/Objective-Light.otf",
          "textGravity": "CENTER",
          "textSize": 4,
          "textString": "We Make It Happened ",
          "textStroke": "FILL",
          "tintDrawableColor": "0",
          "widthInPercentage": 0.43503344
        },
        {
          "alpha": 255,
          "flipX": false,
          "flipY": false,
          "gradientColors": [
            "#FFFFFF",
            "#000000"
          ],
          "groupIcons": [],
          "heightInPercentage": 1,
          "imgDrawablePath": "template13/drawables/asset___9_.xml",
          "isBold": false,
          "isGradient": false,
          "isHide": false,
          "isItalic": false,
          "isLocked": true,
          "isSelected": false,
          "isShadow": false,
          "isUnderline": false,
          "keepAspectRatio": false,
          "layerType": "Image",
          "positionXinPercentage": 0,
          "positionYinPercentage": 0,
          "rotate": 0,
          "shadowColor": "#000000",
          "tag": "",
          "textColor": "#000000",
          "textFontPath": "",
          "textGravity": "CENTER",
          "textSize": 9,
          "textString": "This is some text. This is some text.",
          "textStroke": "FILL",
          "tintDrawableColor": "0",
          "widthInPercentage": 0.5138889
        },
        {
          "alpha": 255,
          "flipX": false,
          "flipY": false,
          "gradientColors": [
            "#FFFFFF",
            "#000000"
          ],
          "groupIcons": [],
          "heightInPercentage": 0.19035713,
          "imgDrawablePath": "template13/drawables/asset___8_.xml",
          "isBold": false,
          "isGradient": false,
          "isHide": false,
          "isItalic": false,
          "isLocked": true,
          "isSelected": false,
          "isShadow": false,
          "isUnderline": false,
          "keepAspectRatio": false,
          "layerType": "Image",
          "positionXinPercentage": 0,
          "positionYinPercentage": 0.09,
          "rotate": 0,
          "shadowColor": "#000000",
          "tag": "",
          "textColor": "#000000",
          "textFontPath": "",
          "textGravity": "CENTER",
          "textSize": 9,
          "textString": "This is some text. This is some text.",
          "textStroke": "FILL",
          "tintDrawableColor": "0",
          "widthInPercentage": 0.5069444
        },
        {
          "alpha": 255,
          "flipX": false,
          "flipY": false,
          "gradientColors": [
            "#FFFFFF",
            "#000000"
          ],
          "groupIcons": [],
          "heightInPercentage": 0.101,
          "imgDrawablePath": "template13/drawables/asset___1_.xml",
          "isBold": false,
          "isGradient": false,
          "isHide": false,
          "isItalic": false,
          "isLocked": true,
          "isSelected": false,
          "isShadow": false,
          "isUnderline": false,
          "keepAspectRatio": false,
          "layerType": "Image",
          "positionXinPercentage": 0.042237442,
          "positionYinPercentage": 0.6586758,
          "rotate": 0,
          "shadowColor": "#000000",
          "tag": "",
          "textColor": "#000000",
          "textFontPath": "",
          "textGravity": "CENTER",
          "textSize": 9,
          "textString": "This is some text. This is some text.",
          "textStroke": "FILL",
          "tintDrawableColor": "0",
          "widthInPercentage": 0.06
        },
        {
          "alpha": 255,
          "flipX": false,
          "flipY": false,
          "gradientColors": [
            "#FFFFFF",
            "#000000"
          ],
          "groupIcons": [],
          "heightInPercentage": 0.10138996,
          "imgDrawablePath": "template13/drawables/asset___2_.xml",
          "isBold": false,
          "isGradient": false,
          "isHide": false,
          "isItalic": false,
          "isLocked": true,
          "isSelected": false,
          "isShadow": false,
          "isUnderline": false,
          "keepAspectRatio": true,
          "layerType": "Image",
          "positionXinPercentage": 0.042237442,
          "positionYinPercentage": 0.50570774,
          "rotate": 0,
          "shadowColor": "#000000",
          "tag": "",
          "textColor": "#000000",
          "textFontPath": "",
          "textGravity": "CENTER",
          "textSize": 9,
          "textString": "This is some text. This is some text.",
          "textStroke": "FILL",
          "tintDrawableColor": "0",
          "widthInPercentage": 0.06
        },
        {
          "alpha": 255,
          "flipX": false,
          "flipY": false,
          "gradientColors": [
            "#FFFFFF",
            "#000000"
          ],
          "groupIcons": [],
          "heightInPercentage": 0.101,
          "imgDrawablePath": "template13/drawables/asset___13_.xml",
          "isBold": false,
          "isGradient": false,
          "isHide": false,
          "isItalic": false,
          "isLocked": true,
          "isSelected": false,
          "isShadow": false,
          "isUnderline": false,
          "keepAspectRatio": false,
          "layerType": "Image",
          "positionXinPercentage": 0.042237442,
          "positionYinPercentage": 0.80479455,
          "rotate": 0,
          "shadowColor": "#000000",
          "tag": "",
          "textColor": "#000000",
          "textFontPath": "",
          "textGravity": "CENTER",
          "textSize": 9,
          "textString": "This is some text. This is some text.",
          "textStroke": "FILL",
          "tintDrawableColor": "0",
          "widthInPercentage": 0.06
        },
        {
          "alpha": 255,
          "flipX": false,
          "flipY": false,
          "gradientColors": [
            "#FFFFFF",
            "#000000"
          ],
          "groupIcons": [],
          "heightInPercentage": 0.057142857,
          "imgDrawablePath": "",
          "isBold": false,
          "isGradient": false,
          "isHide": false,
          "isItalic": false,
          "isLocked": false,
          "isSelected": false,
          "isShadow": false,
          "isUnderline": false,
          "keepAspectRatio": false,
          "layerType": "TextView",
          "positionXinPercentage": 0.12328767,
          "positionYinPercentage": 0.68035716,
          "rotate": 0,
          "shadowColor": "#000000",
          "tag": "email",
          "textColor": "#FF000000",
          "textFontPath": "template13/fonts/Poppins-Regular.ttf",
          "textGravity": "START",
          "textSize": 4,
          "textString": "www.devsky@gmail.com",
          "textStroke": "FILL",
          "tintDrawableColor": "0",
          "widthInPercentage": 0.3
        },
        {
          "alpha": 255,
          "flipX": false,
          "flipY": false,
          "gradientColors": [
            "#FFFFFF",
            "#000000"
          ],
          "groupIcons": [],
          "heightInPercentage": 0.071428575,
          "imgDrawablePath": "",
          "isBold": false,
          "isGradient": false,
          "isHide": false,
          "isItalic": false,
          "isLocked": false,
          "isSelected": false,
          "isShadow": false,
          "isUnderline": false,
          "keepAspectRatio": false,
          "layerType": "TextView",
          "positionXinPercentage": 0.5674008,
          "positionYinPercentage": 0.5998125,
          "rotate": 0,
          "shadowColor": "#000000",
          "tag": "company",
          "textColor": "#ffffffff",
          "textFontPath": "template13/fonts/Aqila.otf",
          "textGravity": "CENTER",
          "textSize": 8,
          "textString": "Dev Sky ",
          "textStroke": "FILL",
          "tintDrawableColor": "0",
          "widthInPercentage": 0.43259922
        },
        {
          "alpha": 255,
          "flipX": false,
          "flipY": false,
          "gradientColors": [
            "#FFFFFF",
            "#000000"
          ],
          "groupIcons": [],
          "heightInPercentage": 0.067857146,
          "imgDrawablePath": "",
          "isBold": false,
          "isGradient": false,
          "isHide": false,
          "isItalic": false,
          "isLocked": false,
          "isSelected": false,
          "isShadow": false,
          "isUnderline": false,
          "keepAspectRatio": false,
          "layerType": "TextView",
          "positionXinPercentage": 0.03196347,
          "positionYinPercentage": 0.12671232,
          "rotate": 0,
          "shadowColor": "#000000",
          "tag": "name",
          "textColor": "#ffffffff",
          "textFontPath": "template13/fonts/Objective-Bold.otf",
          "textGravity": "START",
          "textSize": 7,
          "textString": "MUHAMMAD ZAIN",
          "textStroke": "FILL",
          "tintDrawableColor": "0",
          "widthInPercentage": 0.4085127
        },
        {
          "alpha": 255,
          "flipX": false,
          "flipY": false,
          "gradientColors": [
            "#FFFFFF",
            "#000000"
          ],
          "groupIcons": [],
          "heightInPercentage": 0.039285716,
          "imgDrawablePath": "",
          "isBold": false,
          "isGradient": false,
          "isHide": false,
          "isItalic": false,
          "isLocked": false,
          "isSelected": false,
          "isShadow": false,
          "isUnderline": false,
          "keepAspectRatio": false,
          "layerType": "TextView",
          "positionXinPercentage": 0.03356746,
          "positionYinPercentage": 0.19627364,
          "rotate": 0,
          "shadowColor": "#000000",
          "tag": "designation",
          "textColor": "#ffffffff",
          "textFontPath": "template13/fonts/Objective-Light.otf",
          "textGravity": "START",
          "textSize": 4,
          "textString": "ANDROID DEVELOPER",
          "textStroke": "FILL",
          "tintDrawableColor": "0",
          "widthInPercentage": 0.3816111
        },
        {
          "alpha": 255,
          "flipX": false,
          "flipY": false,
          "gradientColors": [
            "#FFFFFF",
            "#000000"
          ],
          "groupIcons": [],
          "heightInPercentage": 0.114285715,
          "imgDrawablePath": "",
          "isBold": false,
          "isGradient": false,
          "isHide": false,
          "isItalic": false,
          "isLocked": false,
          "isSelected": false,
          "isShadow": false,
          "isUnderline": false,
          "keepAspectRatio": false,
          "layerType": "TextView",
          "positionXinPercentage": 0.11655159,
          "positionYinPercentage": 0.5171804,
          "rotate": 0,
          "shadowColor": "#000000",
          "tag": "phone",
          "textColor": "#FF000000",
          "textFontPath": "template13/fonts/Poppins-Regular.ttf",
          "textGravity": "START",
          "textSize": 4,
          "textString": "03001234567\n03001234567",
          "textStroke": "FILL",
          "tintDrawableColor": "0",
          "widthInPercentage": 0.3
        },
        {
          "alpha": 255,
          "flipX": false,
          "flipY": false,
          "gradientColors": [
            "#FFFFFF",
            "#000000"
          ],
          "groupIcons": [],
          "heightInPercentage": 0.114285715,
          "imgDrawablePath": "",
          "isBold": false,
          "isGradient": false,
          "isHide": false,
          "isItalic": false,
          "isLocked": false,
          "isSelected": false,
          "isShadow": false,
          "isUnderline": false,
          "keepAspectRatio": false,
          "layerType": "TextView",
          "positionXinPercentage": 0.123,
          "positionYinPercentage": 0.8276256,
          "rotate": 0,
          "shadowColor": "#000000",
          "tag": "address",
          "textColor": "#FF000000",
          "textFontPath": "template13/fonts/Poppins-Regular.ttf",
          "textGravity": "START",
          "textSize": 4,
          "textString": "Morgah mor\nNear Ayoub Park",
          "textStroke": "FILL",
          "tintDrawableColor": "0",
          "widthInPercentage": 0.3
        }
      ]
    }
  ]
}