{
  "dateAndTime": {
    "first": "04/23/24",
    "second": "Tue, 03:09 PM"
  },
  "itemId": "template5",
  "jsonList": [
    {
      "cardBackgroundColor": "#CCCBCB",
      "itemId": "template5",
      "mainItemList": [
        {
          "alpha": 255,
          "flipX": false,
          "flipY": false,
          "gradientColors": [
            "#FFFFFF",
            "#000000"
          ],
          "groupIcons": [],
          "heightInPercentage": 1,
          "imgDrawablePath": "template5/drawables/asset___6_.xml",
          "isBold": false,
          "isGradient": false,
          "isHide": false,
          "isItalic": false,
          "isLocked": true,
          "isSelected": false,
          "isShadow": false,
          "isUnderline": false,
          "keepAspectRatio": false,
          "layerType": "Image",
          "positionXinPercentage": 0,
          "positionYinPercentage": 0,
          "rotate": 0,
          "shadowColor": "#000000",
          "tag": "",
          "textColor": "#000000",
          "textFontPath": "",
          "textGravity": "CENTER",
          "textSize": 9,
          "textString": "This is some text. This is some text.",
          "textStroke": "FILL",
          "tintDrawableColor": "#ffffffff",
          "widthInPercentage": 1
        },
        {
          "alpha": 255,
          "flipX": false,
          "flipY": false,
          "gradientColors": [
            "#FFFFFF",
            "#000000"
          ],
          "groupIcons": [],
          "heightInPercentage": 0.2,
          "imgDrawablePath": "template5/drawables/asset___5_.xml",
          "isBold": false,
          "isGradient": false,
          "isHide": false,
          "isItalic": false,
          "isLocked": true,
          "isSelected": false,
          "isShadow": false,
          "isUnderline": false,
          "keepAspectRatio": false,
          "layerType": "Image",
          "positionXinPercentage": 0,
          "positionYinPercentage": 0.8,
          "rotate": 0,
          "shadowColor": "#000000",
          "tag": "",
          "textColor": "#000000",
          "textFontPath": "",
          "textGravity": "CENTER",
          "textSize": 9,
          "textString": "This is some text. This is some text.",
          "textStroke": "FILL",
          "tintDrawableColor": "0",
          "widthInPercentage": 1
        },
        {
          "alpha": 255,
          "flipX": false,
          "flipY": false,
          "gradientColors": [
            "#FFFFFF",
            "#000000"
          ],
          "groupIcons": [],
          "heightInPercentage": 0.25,
          "imgDrawablePath": "template5/drawables/asset___4_.xml",
          "isBold": false,
          "isGradient": false,
          "isHide": false,
          "isItalic": false,
          "isLocked": true,
          "isSelected": false,
          "isShadow": false,
          "isUnderline": false,
          "keepAspectRatio": false,
          "layerType": "Image",
          "positionXinPercentage": 0.111999996,
          "positionYinPercentage": 0.75,
          "rotate": 0,
          "shadowColor": "#000000",
          "tag": "",
          "textColor": "#000000",
          "textFontPath": "",
          "textGravity": "CENTER",
          "textSize": 9,
          "textString": "This is some text. This is some text.",
          "textStroke": "FILL",
          "tintDrawableColor": "0",
          "widthInPercentage": 0.77510273
        },
        {
          "alpha": 255,
          "flipX": false,
          "flipY": false,
          "gradientColors": [
            "#FFFFFF",
            "#000000"
          ],
          "groupIcons": [],
          "heightInPercentage": 0.14052032,
          "imgDrawablePath": "template5/drawables/logo.xml",
          "isBold": false,
          "isGradient": false,
          "isHide": false,
          "isItalic": false,
          "isLocked": true,
          "isSelected": false,
          "isShadow": false,
          "isUnderline": false,
          "keepAspectRatio": true,
          "layerType": "Image",
          "positionXinPercentage": 0.44,
          "positionYinPercentage": 0.25,
          "rotate": 0,
          "shadowColor": "#000000",
          "tag": "",
          "textColor": "#000000",
          "textFontPath": "",
          "textGravity": "CENTER",
          "textSize": 9,
          "textString": "This is some text. This is some text.",
          "textStroke": "FILL",
          "tintDrawableColor": "0",
          "widthInPercentage": 0.12646827
        },
        {
          "alpha": 255,
          "flipX": false,
          "flipY": false,
          "gradientColors": [
            "#FFFFFF",
            "#000000"
          ],
          "groupIcons": [],
          "heightInPercentage": 0.07333333,
          "imgDrawablePath": "",
          "isBold": false,
          "isGradient": false,
          "isHide": false,
          "isItalic": false,
          "isLocked": false,
          "isSelected": false,
          "isShadow": false,
          "isUnderline": false,
          "keepAspectRatio": false,
          "layerType": "TextView",
          "positionXinPercentage": 0.21914685,
          "positionYinPercentage": 0.86071426,
          "rotate": 0,
          "shadowColor": "#000000",
          "tag": "website",
          "textColor": "#ffffffff",
          "textFontPath": "template5/fonts/Montserrat-Medium.otf",
          "textGravity": "CENTER",
          "textSize": 6,
          "textString": "www.devsky.com",
          "textStroke": "FILL",
          "tintDrawableColor": "0",
          "widthInPercentage": 0.5576389
        },
        {
          "alpha": 255,
          "flipX": false,
          "flipY": false,
          "gradientColors": [
            "#FFFFFF",
            "#000000"
          ],
          "groupIcons": [],
          "heightInPercentage": 0.11,
          "imgDrawablePath": "",
          "isBold": false,
          "isGradient": false,
          "isHide": false,
          "isItalic": false,
          "isLocked": false,
          "isSelected": false,
          "isShadow": false,
          "isUnderline": false,
          "keepAspectRatio": false,
          "layerType": "TextView",
          "positionXinPercentage": 0.2264087,
          "positionYinPercentage": 0.40625,
          "rotate": 0,
          "shadowColor": "#000000",
          "tag": "company",
          "textColor": "#FF000000",
          "textFontPath": "template5/fonts/Montserrat-Bold.otf",
          "textGravity": "CENTER",
          "textSize": 9,
          "textString": "BRAND NAME",
          "textStroke": "FILL",
          "tintDrawableColor": "0",
          "widthInPercentage": 0.5637699
        },
        {
          "alpha": 255,
          "flipX": false,
          "flipY": false,
          "gradientColors": [
            "#FFFFFF",
            "#000000"
          ],
          "groupIcons": [],
          "heightInPercentage": 0.048333332,
          "imgDrawablePath": "",
          "isBold": false,
          "isGradient": false,
          "isHide": false,
          "isItalic": false,
          "isLocked": false,
          "isSelected": false,
          "isShadow": false,
          "isUnderline": false,
          "keepAspectRatio": false,
          "layerType": "TextView",
          "positionXinPercentage": 0.18234126,
          "positionYinPercentage": 0.51464283,
          "rotate": 0,
          "shadowColor": "#000000",
          "tag": "tagline",
          "textColor": "#FF000000",
          "textFontPath": "template5/fonts/Montserrat-Medium.otf",
          "textGravity": "CENTER",
          "textSize": 4,
          "textString": "We Make It Happened ",
          "textStroke": "FILL",
          "tintDrawableColor": "0",
          "widthInPercentage": 0.6329604
        }
      ]
    },
    {
      "cardBackgroundColor": "#CCCBCB",
      "itemId": "template5",
      "mainItemList": [
        {
          "alpha": 255,
          "flipX": false,
          "flipY": false,
          "gradientColors": [
            "#FFFFFF",
            "#000000"
          ],
          "groupIcons": [],
          "heightInPercentage": 1,
          "imgDrawablePath": "template5/drawables/asset___6_.xml",
          "isBold": false,
          "isGradient": false,
          "isHide": false,
          "isItalic": false,
          "isLocked": true,
          "isSelected": false,
          "isShadow": false,
          "isUnderline": false,
          "keepAspectRatio": false,
          "layerType": "Image",
          "positionXinPercentage": 0,
          "positionYinPercentage": 0,
          "rotate": 0,
          "shadowColor": "#000000",
          "tag": "",
          "textColor": "#000000",
          "textFontPath": "",
          "textGravity": "CENTER",
          "textSize": 9,
          "textString": "This is some text. This is some text.",
          "textStroke": "FILL",
          "tintDrawableColor": "#ffffffff",
          "widthInPercentage": 1
        },
        {
          "alpha": 255,
          "flipX": false,
          "flipY": false,
          "gradientColors": [
            "#FFFFFF",
            "#000000"
          ],
          "groupIcons": [],
          "heightInPercentage": 0.635,
          "imgDrawablePath": "template5/drawables/asset___15_.xml",
          "isBold": false,
          "isGradient": false,
          "isHide": false,
          "isItalic": false,
          "isLocked": true,
          "isSelected": false,
          "isShadow": false,
          "isUnderline": false,
          "keepAspectRatio": false,
          "layerType": "Image",
          "positionXinPercentage": 0.01999998,
          "positionYinPercentage": 0.36499998,
          "rotate": 0,
          "shadowColor": "#000000",
          "tag": "",
          "textColor": "#000000",
          "textFontPath": "",
          "textGravity": "CENTER",
          "textSize": 9,
          "textString": "This is some text. This is some text.",
          "textStroke": "FILL",
          "tintDrawableColor": "0",
          "widthInPercentage": 0.98
        },
        {
          "alpha": 255,
          "flipX": false,
          "flipY": false,
          "gradientColors": [
            "#FFFFFF",
            "#000000"
          ],
          "groupIcons": [],
          "heightInPercentage": 0.6348639,
          "imgDrawablePath": "template5/drawables/asset___14_.xml",
          "isBold": false,
          "isGradient": false,
          "isHide": false,
          "isItalic": false,
          "isLocked": true,
          "isSelected": false,
          "isShadow": false,
          "isUnderline": false,
          "keepAspectRatio": false,
          "layerType": "Image",
          "positionXinPercentage": 0.001984127,
          "positionYinPercentage": 0.36513606,
          "rotate": 0,
          "shadowColor": "#000000",
          "tag": "",
          "textColor": "#000000",
          "textFontPath": "",
          "textGravity": "CENTER",
          "textSize": 9,
          "textString": "This is some text. This is some text.",
          "textStroke": "FILL",
          "tintDrawableColor": "0",
          "widthInPercentage": 0.9980159
        },
        {
          "alpha": 255,
          "flipX": false,
          "flipY": false,
          "gradientColors": [
            "#FFFFFF",
            "#000000"
          ],
          "groupIcons": [],
          "heightInPercentage": 0.08571429,
          "imgDrawablePath": "",
          "isBold": false,
          "isGradient": false,
          "isHide": false,
          "isItalic": false,
          "isLocked": false,
          "isSelected": false,
          "isShadow": false,
          "isUnderline": false,
          "keepAspectRatio": false,
          "layerType": "TextView",
          "positionXinPercentage": 0.061643843,
          "positionYinPercentage": 0.1,
          "rotate": 0,
          "shadowColor": "#000000",
          "tag": "name",
          "textColor": "#FF000000",
          "textFontPath": "template5/fonts/Montserrat-Bold.otf",
          "textGravity": "START",
          "textSize": 7,
          "textString": "MUHAMMAD ZAIN",
          "textStroke": "FILL",
          "tintDrawableColor": "0",
          "widthInPercentage": 0.53954667
        },
        {
          "alpha": 255,
          "flipX": false,
          "flipY": false,
          "gradientColors": [
            "#FFFFFF",
            "#000000"
          ],
          "groupIcons": [],
          "heightInPercentage": 0.01,
          "imgDrawablePath": "template5/drawables/asset___13_.xml",
          "isBold": false,
          "isGradient": false,
          "isHide": false,
          "isItalic": false,
          "isLocked": true,
          "isSelected": false,
          "isShadow": false,
          "isUnderline": false,
          "keepAspectRatio": false,
          "layerType": "Image",
          "positionXinPercentage": 0,
          "positionYinPercentage": 0.183,
          "rotate": 0,
          "shadowColor": "#000000",
          "tag": "",
          "textColor": "#000000",
          "textFontPath": "",
          "textGravity": "CENTER",
          "textSize": 9,
          "textString": "This is some text. This is some text.",
          "textStroke": "FILL",
          "tintDrawableColor": "0",
          "widthInPercentage": 0.185
        },
        {
          "alpha": 255,
          "flipX": false,
          "flipY": false,
          "gradientColors": [
            "#FFFFFF",
            "#000000"
          ],
          "groupIcons": [],
          "heightInPercentage": 0.035,
          "imgDrawablePath": "template5/drawables/asset___11_.xml",
          "isBold": false,
          "isGradient": false,
          "isHide": false,
          "isItalic": false,
          "isLocked": true,
          "isSelected": false,
          "isShadow": false,
          "isUnderline": false,
          "keepAspectRatio": true,
          "layerType": "Image",
          "positionXinPercentage": 0.118,
          "positionYinPercentage": 0.33,
          "rotate": 0,
          "shadowColor": "#000000",
          "tag": "",
          "textColor": "#000000",
          "textFontPath": "",
          "textGravity": "CENTER",
          "textSize": 9,
          "textString": "This is some text. This is some text.",
          "textStroke": "FILL",
          "tintDrawableColor": "0",
          "widthInPercentage": 0.02
        },
        {
          "alpha": 255,
          "flipX": false,
          "flipY": false,
          "gradientColors": [
            "#FFFFFF",
            "#000000"
          ],
          "groupIcons": [],
          "heightInPercentage": 0.035,
          "imgDrawablePath": "template5/drawables/asset___12_.xml",
          "isBold": false,
          "isGradient": false,
          "isHide": false,
          "isItalic": false,
          "isLocked": true,
          "isSelected": false,
          "isShadow": false,
          "isUnderline": false,
          "keepAspectRatio": false,
          "layerType": "Image",
          "positionXinPercentage": 0.03,
          "positionYinPercentage": 0.33,
          "rotate": 0,
          "shadowColor": "#000000",
          "tag": "",
          "textColor": "#000000",
          "textFontPath": "",
          "textGravity": "CENTER",
          "textSize": 9,
          "textString": "This is some text. This is some text.",
          "textStroke": "FILL",
          "tintDrawableColor": "0",
          "widthInPercentage": 0.02
        },
        {
          "alpha": 255,
          "flipX": false,
          "flipY": false,
          "gradientColors": [
            "#FFFFFF",
            "#000000"
          ],
          "groupIcons": [],
          "heightInPercentage": 0.67,
          "imgDrawablePath": "template5/drawables/asset___10_.xml",
          "isBold": false,
          "isGradient": false,
          "isHide": false,
          "isItalic": false,
          "isLocked": true,
          "isSelected": false,
          "isShadow": false,
          "isUnderline": false,
          "keepAspectRatio": false,
          "layerType": "Image",
          "positionXinPercentage": 0.05,
          "positionYinPercentage": 0.32999998,
          "rotate": 0,
          "shadowColor": "#000000",
          "tag": "",
          "textColor": "#000000",
          "textFontPath": "",
          "textGravity": "CENTER",
          "textSize": 9,
          "textString": "This is some text. This is some text.",
          "textStroke": "FILL",
          "tintDrawableColor": "0",
          "widthInPercentage": 0.07
        },
        {
          "alpha": 255,
          "flipX": false,
          "flipY": false,
          "gradientColors": [
            "#FFFFFF",
            "#000000"
          ],
          "groupIcons": [],
          "heightInPercentage": 0.05,
          "imgDrawablePath": "",
          "isBold": false,
          "isGradient": false,
          "isHide": false,
          "isItalic": false,
          "isLocked": false,
          "isSelected": false,
          "isShadow": false,
          "isUnderline": false,
          "keepAspectRatio": false,
          "layerType": "TextView",
          "positionXinPercentage": 0.068,
          "positionYinPercentage": 0.19977169,
          "rotate": 0,
          "shadowColor": "#000000",
          "tag": "designation",
          "textColor": "#FF000000",
          "textFontPath": "template5/fonts/Montserrat-Medium.otf",
          "textGravity": "START",
          "textSize": 4,
          "textString": "ANDROID DEVELOPER",
          "textStroke": "FILL",
          "tintDrawableColor": "0",
          "widthInPercentage": 0.4210873
        },
        {
          "alpha": 255,
          "flipX": false,
          "flipY": false,
          "gradientColors": [
            "#FFFFFF",
            "#000000"
          ],
          "groupIcons": [],
          "heightInPercentage": 0.094,
          "imgDrawablePath": "template5/drawables/asset___1_.xml",
          "isBold": false,
          "isGradient": false,
          "isHide": false,
          "isItalic": false,
          "isLocked": true,
          "isSelected": false,
          "isShadow": false,
          "isUnderline": false,
          "keepAspectRatio": false,
          "layerType": "Image",
          "positionXinPercentage": 0.057,
          "positionYinPercentage": 0.82,
          "rotate": 0,
          "shadowColor": "#000000",
          "tag": "",
          "textColor": "#000000",
          "textFontPath": "",
          "textGravity": "CENTER",
          "textSize": 9,
          "textString": "This is some text. This is some text.",
          "textStroke": "FILL",
          "tintDrawableColor": "0",
          "widthInPercentage": 0.055
        },
        {
          "alpha": 255,
          "flipX": false,
          "flipY": false,
          "gradientColors": [
            "#FFFFFF",
            "#000000"
          ],
          "groupIcons": [],
          "heightInPercentage": 0.095,
          "imgDrawablePath": "template5/drawables/asset___2_.xml",
          "isBold": false,
          "isGradient": false,
          "isHide": false,
          "isItalic": false,
          "isLocked": true,
          "isSelected": false,
          "isShadow": false,
          "isUnderline": false,
          "keepAspectRatio": false,
          "layerType": "Image",
          "positionXinPercentage": 0.057,
          "positionYinPercentage": 0.7,
          "rotate": 0,
          "shadowColor": "#000000",
          "tag": "",
          "textColor": "#000000",
          "textFontPath": "",
          "textGravity": "CENTER",
          "textSize": 9,
          "textString": "This is some text. This is some text.",
          "textStroke": "FILL",
          "tintDrawableColor": "0",
          "widthInPercentage": 0.055
        },
        {
          "alpha": 255,
          "flipX": false,
          "flipY": false,
          "gradientColors": [
            "#FFFFFF",
            "#000000"
          ],
          "groupIcons": [],
          "heightInPercentage": 0.094,
          "imgDrawablePath": "template5/drawables/asset___17_.xml",
          "isBold": false,
          "isGradient": false,
          "isHide": false,
          "isItalic": false,
          "isLocked": true,
          "isSelected": false,
          "isShadow": false,
          "isUnderline": false,
          "keepAspectRatio": false,
          "layerType": "Image",
          "positionXinPercentage": 0.057,
          "positionYinPercentage": 0.58,
          "rotate": 0,
          "shadowColor": "#000000",
          "tag": "",
          "textColor": "#000000",
          "textFontPath": "",
          "textGravity": "CENTER",
          "textSize": 9,
          "textString": "This is some text. This is some text.",
          "textStroke": "FILL",
          "tintDrawableColor": "0",
          "widthInPercentage": 0.055
        },
        {
          "alpha": 255,
          "flipX": false,
          "flipY": false,
          "gradientColors": [
            "#FFFFFF",
            "#000000"
          ],
          "groupIcons": [],
          "heightInPercentage": 0.094,
          "imgDrawablePath": "template5/drawables/asset___18_.xml",
          "isBold": false,
          "isGradient": false,
          "isHide": false,
          "isItalic": false,
          "isLocked": true,
          "isSelected": false,
          "isShadow": false,
          "isUnderline": false,
          "keepAspectRatio": false,
          "layerType": "Image",
          "positionXinPercentage": 0.057,
          "positionYinPercentage": 0.46,
          "rotate": 0,
          "shadowColor": "#000000",
          "tag": "",
          "textColor": "#000000",
          "textFontPath": "",
          "textGravity": "CENTER",
          "textSize": 9,
          "textString": "This is some text. This is some text.",
          "textStroke": "FILL",
          "tintDrawableColor": "0",
          "widthInPercentage": 0.055
        },
        {
          "alpha": 255,
          "flipX": false,
          "flipY": false,
          "gradientColors": [
            "#FFFFFF",
            "#000000"
          ],
          "groupIcons": [],
          "heightInPercentage": 0.08571429,
          "imgDrawablePath": "",
          "isBold": false,
          "isGradient": false,
          "isHide": false,
          "isItalic": false,
          "isLocked": false,
          "isSelected": false,
          "isShadow": false,
          "isUnderline": false,
          "keepAspectRatio": false,
          "layerType": "TextView",
          "positionXinPercentage": 0.14497717,
          "positionYinPercentage": 0.46,
          "rotate": 0,
          "shadowColor": "#000000",
          "tag": "phone",
          "textColor": "#ffffffff",
          "textFontPath": "template5/fonts/Poppins-Regular.ttf",
          "textGravity": "START",
          "textSize": 3,
          "textString": "03001234567\n03001234567",
          "textStroke": "FILL",
          "tintDrawableColor": "0",
          "widthInPercentage": 0.3
        },
        {
          "alpha": 255,
          "flipX": false,
          "flipY": false,
          "gradientColors": [
            "#FFFFFF",
            "#000000"
          ],
          "groupIcons": [],
          "heightInPercentage": 0.042857144,
          "imgDrawablePath": "",
          "isBold": false,
          "isGradient": false,
          "isHide": false,
          "isItalic": false,
          "isLocked": false,
          "isSelected": false,
          "isShadow": false,
          "isUnderline": false,
          "keepAspectRatio": false,
          "layerType": "TextView",
          "positionXinPercentage": 0.145,
          "positionYinPercentage": 0.58,
          "rotate": 0,
          "shadowColor": "#000000",
          "tag": "website",
          "textColor": "#ffffffff",
          "textFontPath": "template5/fonts/Poppins-Regular.ttf",
          "textGravity": "START",
          "textSize": 3,
          "textString": "www.devsky.com",
          "textStroke": "FILL",
          "tintDrawableColor": "0",
          "widthInPercentage": 0.3
        },
        {
          "alpha": 255,
          "flipX": false,
          "flipY": false,
          "gradientColors": [
            "#FFFFFF",
            "#000000"
          ],
          "groupIcons": [],
          "heightInPercentage": 0.042857144,
          "imgDrawablePath": "",
          "isBold": false,
          "isGradient": false,
          "isHide": false,
          "isItalic": false,
          "isLocked": false,
          "isSelected": false,
          "isShadow": false,
          "isUnderline": false,
          "keepAspectRatio": false,
          "layerType": "TextView",
          "positionXinPercentage": 0.14499997,
          "positionYinPercentage": 0.7,
          "rotate": 0,
          "shadowColor": "#000000",
          "tag": "email",
          "textColor": "#ffffffff",
          "textFontPath": "template5/fonts/Poppins-Regular.ttf",
          "textGravity": "START",
          "textSize": 3,
          "textString": "www.devsky@gmail.com",
          "textStroke": "FILL",
          "tintDrawableColor": "0",
          "widthInPercentage": 0.3
        },
        {
          "alpha": 255,
          "flipX": false,
          "flipY": false,
          "gradientColors": [
            "#FFFFFF",
            "#000000"
          ],
          "groupIcons": [],
          "heightInPercentage": 0.08571429,
          "imgDrawablePath": "",
          "isBold": false,
          "isGradient": false,
          "isHide": false,
          "isItalic": false,
          "isLocked": false,
          "isSelected": false,
          "isShadow": false,
          "isUnderline": false,
          "keepAspectRatio": false,
          "layerType": "TextView",
          "positionXinPercentage": 0.145,
          "positionYinPercentage": 0.82,
          "rotate": 0,
          "shadowColor": "#000000",
          "tag": "address",
          "textColor": "#ffffffff",
          "textFontPath": "template5/fonts/Poppins-Regular.ttf",
          "textGravity": "START",
          "textSize": 3,
          "textString": "Morgah mor\nNear Ayoub Park",
          "textStroke": "FILL",
          "tintDrawableColor": "0",
          "widthInPercentage": 0.3
        },
        {
          "alpha": 255,
          "flipX": false,
          "flipY": false,
          "gradientColors": [
            "#FFFFFF",
            "#000000"
          ],
          "groupIcons": [],
          "heightInPercentage": 0.073214285,
          "imgDrawablePath": "",
          "isBold": false,
          "isGradient": false,
          "isHide": false,
          "isItalic": false,
          "isLocked": false,
          "isSelected": false,
          "isShadow": false,
          "isUnderline": false,
          "keepAspectRatio": false,
          "layerType": "TextView",
          "positionXinPercentage": 0.6598611,
          "positionYinPercentage": 0.24372156,
          "rotate": 0,
          "shadowColor": "#000000",
          "tag": "company",
          "textColor": "#FF000000",
          "textFontPath": "template5/fonts/Montserrat-Bold.otf",
          "textGravity": "CENTER",
          "textSize": 6,
          "textString": "BRAND NAME",
          "textStroke": "FILL",
          "tintDrawableColor": "0",
          "widthInPercentage": 0.34013894
        },
        {
          "alpha": 255,
          "flipX": false,
          "flipY": false,
          "gradientColors": [
            "#FFFFFF",
            "#000000"
          ],
          "groupIcons": [],
          "heightInPercentage": 0.14929122,
          "imgDrawablePath": "template5/drawables/asset___8_.xml",
          "isBold": false,
          "isGradient": false,
          "isHide": false,
          "isItalic": false,
          "isLocked": true,
          "isSelected": false,
          "isShadow": false,
          "isUnderline": false,
          "keepAspectRatio": true,
          "layerType": "Image",
          "positionXinPercentage": 0.7876712,
          "positionYinPercentage": 0.6130137,
          "rotate": 0,
          "shadowColor": "#000000",
          "tag": "",
          "textColor": "#000000",
          "textFontPath": "",
          "textGravity": "CENTER",
          "textSize": 9,
          "textString": "This is some text. This is some text.",
          "textStroke": "FILL",
          "tintDrawableColor": "0",
          "widthInPercentage": 0.08537181
        },
        {
          "alpha": 255,
          "flipX": false,
          "flipY": false,
          "gradientColors": [
            "#FFFFFF",
            "#000000"
          ],
          "groupIcons": [],
          "heightInPercentage": 0.17,
          "imgDrawablePath": "template5/drawables/asset___9_.xml",
          "isBold": false,
          "isGradient": false,
          "isHide": false,
          "isItalic": false,
          "isLocked": true,
          "isSelected": false,
          "isShadow": false,
          "isUnderline": false,
          "keepAspectRatio": false,
          "layerType": "Image",
          "positionXinPercentage": 0.78,
          "positionYinPercentage": 0.604,
          "rotate": 0,
          "shadowColor": "#000000",
          "tag": "",
          "textColor": "#000000",
          "textFontPath": "",
          "textGravity": "CENTER",
          "textSize": 9,
          "textString": "This is some text. This is some text.",
          "textStroke": "FILL",
          "tintDrawableColor": "0",
          "widthInPercentage": 0.1
        },
        {
          "alpha": 255,
          "flipX": false,
          "flipY": false,
          "gradientColors": [
            "#FFFFFF",
            "#000000"
          ],
          "groupIcons": [],
          "heightInPercentage": 0.07872876,
          "imgDrawablePath": "template5/drawables/logo.xml",
          "isBold": false,
          "isGradient": false,
          "isHide": false,
          "isItalic": false,
          "isLocked": true,
          "isSelected": false,
          "isShadow": false,
          "isUnderline": false,
          "keepAspectRatio": true,
          "layerType": "Image",
          "positionXinPercentage": 0.78995436,
          "positionYinPercentage": 0.1609589,
          "rotate": 0,
          "shadowColor": "#000000",
          "tag": "",
          "textColor": "#000000",
          "textFontPath": "",
          "textGravity": "CENTER",
          "textSize": 9,
          "textString": "This is some text. This is some text.",
          "textStroke": "FILL",
          "tintDrawableColor": "0",
          "widthInPercentage": 0.07
        },
        {
          "alpha": 255,
          "flipX": false,
          "flipY": false,
          "gradientColors": [
            "#FFFFFF",
            "#000000"
          ],
          "groupIcons": [],
          "heightInPercentage": 0.035714287,
          "imgDrawablePath": "",
          "isBold": false,
          "isGradient": false,
          "isHide": false,
          "isItalic": false,
          "isLocked": false,
          "isSelected": false,
          "isShadow": false,
          "isUnderline": false,
          "keepAspectRatio": false,
          "layerType": "TextView",
          "positionXinPercentage": 0.68129367,
          "positionYinPercentage": 0.32043788,
          "rotate": 0,
          "shadowColor": "#000000",
          "tag": "tagline",
          "textColor": "#FF000000",
          "textFontPath": "template5/fonts/Montserrat-Medium.otf",
          "textGravity": "CENTER",
          "textSize": 3,
          "textString": "We Make It Happened ",
          "textStroke": "FILL",
          "tintDrawableColor": "0",
          "widthInPercentage": 0.31870633
        }
      ]
    }
  ]
}