{
  "dateAndTime": {
    "first": "04/23/24",
    "second": "Tue, 02:58 PM"
  },
  "itemId": "template6",
  "jsonList": [
    {
      "cardBackgroundColor": "#CCCBCB",
      "itemId": "template6",
      "mainItemList": [
        {
          "alpha": 255,
          "flipX": false,
          "flipY": false,
          "gradientColors": [
            "#FFFFFF",
            "#000000"
          ],
          "groupIcons": [],
          "heightInPercentage": 1,
          "imgDrawablePath": "template6/drawables/asset___16_.xml",
          "isBold": false,
          "isGradient": false,
          "isHide": false,
          "isItalic": false,
          "isLocked": true,
          "isSelected": false,
          "isShadow": false,
          "isUnderline": false,
          "keepAspectRatio": false,
          "layerType": "Image",
          "positionXinPercentage": 0,
          "positionYinPercentage": 0,
          "rotate": 0,
          "shadowColor": "#000000",
          "tag": "",
          "textColor": "#000000",
          "textFontPath": "",
          "textGravity": "CENTER",
          "textSize": 9,
          "textString": "This is some text. This is some text.",
          "textStroke": "FILL",
          "tintDrawableColor": "0",
          "widthInPercentage": 1
        },
        {
          "alpha": 255,
          "flipX": false,
          "flipY": false,
          "gradientColors": [
            "#FFFFFF",
            "#000000"
          ],
          "groupIcons": [],
          "heightInPercentage": 1,
          "imgDrawablePath": "template6/drawables/asset___15_.xml",
          "isBold": false,
          "isGradient": false,
          "isHide": false,
          "isItalic": false,
          "isLocked": true,
          "isSelected": false,
          "isShadow": false,
          "isUnderline": false,
          "keepAspectRatio": false,
          "layerType": "Image",
          "positionXinPercentage": 0,
          "positionYinPercentage": 0,
          "rotate": 0,
          "shadowColor": "#000000",
          "tag": "",
          "textColor": "#000000",
          "textFontPath": "",
          "textGravity": "CENTER",
          "textSize": 9,
          "textString": "This is some text. This is some text.",
          "textStroke": "FILL",
          "tintDrawableColor": "0",
          "widthInPercentage": 0.6765873
        },
        {
          "alpha": 255,
          "flipX": false,
          "flipY": false,
          "gradientColors": [
            "#FFFFFF",
            "#000000"
          ],
          "groupIcons": [],
          "heightInPercentage": 1,
          "imgDrawablePath": "template6/drawables/asset___13_.xml",
          "isBold": false,
          "isGradient": false,
          "isHide": false,
          "isItalic": false,
          "isLocked": true,
          "isSelected": false,
          "isShadow": true,
          "isUnderline": false,
          "keepAspectRatio": false,
          "layerType": "Image",
          "positionXinPercentage": 0.28174603,
          "positionYinPercentage": 0,
          "rotate": 0,
          "shadowColor": "#ff000000",
          "tag": "",
          "textColor": "#000000",
          "textFontPath": "",
          "textGravity": "CENTER",
          "textSize": 9,
          "textString": "This is some text. This is some text.",
          "textStroke": "FILL",
          "tintDrawableColor": "0",
          "widthInPercentage": 0.45238096
        },
        {
          "alpha": 255,
          "flipX": false,
          "flipY": false,
          "gradientColors": [
            "#FFFFFF",
            "#000000"
          ],
          "groupIcons": [],
          "heightInPercentage": 0.63928574,
          "imgDrawablePath": "template6/drawables/asset___14_.xml",
          "isBold": false,
          "isGradient": false,
          "isHide": false,
          "isItalic": false,
          "isLocked": true,
          "isSelected": false,
          "isShadow": false,
          "isUnderline": false,
          "keepAspectRatio": false,
          "layerType": "Image",
          "positionXinPercentage": 0,
          "positionYinPercentage": 0.1803653,
          "rotate": 0,
          "shadowColor": "#000000",
          "tag": "",
          "textColor": "#000000",
          "textFontPath": "",
          "textGravity": "CENTER",
          "textSize": 9,
          "textString": "This is some text. This is some text.",
          "textStroke": "FILL",
          "tintDrawableColor": "0",
          "widthInPercentage": 0.14484127
        },
        {
          "alpha": 255,
          "flipX": false,
          "flipY": false,
          "gradientColors": [
            "#FFFFFF",
            "#000000"
          ],
          "groupIcons": [],
          "heightInPercentage": 0.67768264,
          "imgDrawablePath": "template6/drawables/asset___12_.xml",
          "isBold": false,
          "isGradient": false,
          "isHide": false,
          "isItalic": false,
          "isLocked": true,
          "isSelected": false,
          "isShadow": false,
          "isUnderline": false,
          "keepAspectRatio": false,
          "layerType": "Image",
          "positionXinPercentage": 0.37079692,
          "positionYinPercentage": 0.1563927,
          "rotate": 0,
          "shadowColor": "#000000",
          "tag": "",
          "textColor": "#000000",
          "textFontPath": "",
          "textGravity": "CENTER",
          "textSize": 9,
          "textString": "This is some text. This is some text.",
          "textStroke": "FILL",
          "tintDrawableColor": "0",
          "widthInPercentage": 0.29487768
        },
        {
          "alpha": 255,
          "flipX": false,
          "flipY": false,
          "gradientColors": [
            "#FFFFFF",
            "#000000"
          ],
          "groupIcons": [],
          "heightInPercentage": 0.23027296,
          "imgDrawablePath": "template6/drawables/logo.xml",
          "isBold": false,
          "isGradient": false,
          "isHide": false,
          "isItalic": false,
          "isLocked": true,
          "isSelected": false,
          "isShadow": false,
          "isUnderline": false,
          "keepAspectRatio": true,
          "layerType": "Image",
          "positionXinPercentage": 0.20547946,
          "positionYinPercentage": 0.32762557,
          "rotate": 0,
          "shadowColor": "#000000",
          "tag": "",
          "textColor": "#000000",
          "textFontPath": "",
          "textGravity": "CENTER",
          "textSize": 9,
          "textString": "This is some text. This is some text.",
          "textStroke": "FILL",
          "tintDrawableColor": "0",
          "widthInPercentage": 0.13202599
        },
        {
          "alpha": 255,
          "flipX": false,
          "flipY": false,
          "gradientColors": [
            "#FFFFFF",
            "#000000"
          ],
          "groupIcons": [],
          "heightInPercentage": 0.086021505,
          "imgDrawablePath": "",
          "isBold": false,
          "isGradient": false,
          "isHide": false,
          "isItalic": false,
          "isLocked": false,
          "isSelected": false,
          "isShadow": false,
          "isUnderline": false,
          "keepAspectRatio": false,
          "layerType": "TextView",
          "positionXinPercentage": 0.09719504,
          "positionYinPercentage": 0.55335945,
          "rotate": 0,
          "shadowColor": "#000000",
          "tag": "company",
          "textColor": "#FF000000",
          "textFontPath": "template6/fonts/Montserrat-Bold.otf",
          "textGravity": "CENTER",
          "textSize": 7,
          "textString": "Dev Sky ",
          "textStroke": "FILL",
          "tintDrawableColor": "0",
          "widthInPercentage": 0.38197163
        },
        {
          "alpha": 255,
          "flipX": false,
          "flipY": false,
          "gradientColors": [
            "#FFFFFF",
            "#000000"
          ],
          "groupIcons": [],
          "heightInPercentage": 0.048387095,
          "imgDrawablePath": "",
          "isBold": false,
          "isGradient": false,
          "isHide": false,
          "isItalic": false,
          "isLocked": false,
          "isSelected": false,
          "isShadow": false,
          "isUnderline": false,
          "keepAspectRatio": false,
          "layerType": "TextView",
          "positionXinPercentage": 0.08613284,
          "positionYinPercentage": 0.63555115,
          "rotate": 0,
          "shadowColor": "#000000",
          "tag": "tagline",
          "textColor": "#FF000000",
          "textFontPath": "template6/fonts/Montserrat-SemiBold.otf",
          "textGravity": "CENTER",
          "textSize": 4,
          "textString": "We Make It Happened ",
          "textStroke": "FILL",
          "tintDrawableColor": "0",
          "widthInPercentage": 0.38112906
        }
      ]
    },
    {
      "cardBackgroundColor": "#CCCBCB",
      "itemId": "template6",
      "mainItemList": [
        {
          "alpha": 255,
          "flipX": false,
          "flipY": false,
          "gradientColors": [
            "#FFFFFF",
            "#000000"
          ],
          "groupIcons": [],
          "heightInPercentage": 1,
          "imgDrawablePath": "template6/drawables/asset___7_.xml",
          "isBold": false,
          "isGradient": false,
          "isHide": false,
          "isItalic": false,
          "isLocked": true,
          "isSelected": false,
          "isShadow": false,
          "isUnderline": false,
          "keepAspectRatio": false,
          "layerType": "Image",
          "positionXinPercentage": 0,
          "positionYinPercentage": 0,
          "rotate": 0,
          "shadowColor": "#000000",
          "tag": "",
          "textColor": "#000000",
          "textFontPath": "",
          "textGravity": "CENTER",
          "textSize": 9,
          "textString": "This is some text. This is some text.",
          "textStroke": "FILL",
          "tintDrawableColor": "#ffffffff",
          "widthInPercentage": 1
        },
        {
          "alpha": 255,
          "flipX": false,
          "flipY": false,
          "gradientColors": [
            "#FFFFFF",
            "#000000"
          ],
          "groupIcons": [],
          "heightInPercentage": 1,
          "imgDrawablePath": "template6/drawables/asset___6_.xml",
          "isBold": false,
          "isGradient": false,
          "isHide": false,
          "isItalic": false,
          "isLocked": true,
          "isSelected": false,
          "isShadow": false,
          "isUnderline": false,
          "keepAspectRatio": false,
          "layerType": "Image",
          "positionXinPercentage": 0.48015866,
          "positionYinPercentage": 0,
          "rotate": 0,
          "shadowColor": "#000000",
          "tag": "",
          "textColor": "#000000",
          "textFontPath": "",
          "textGravity": "CENTER",
          "textSize": 9,
          "textString": "This is some text. This is some text.",
          "textStroke": "FILL",
          "tintDrawableColor": "0",
          "widthInPercentage": 0.5198413
        },
        {
          "alpha": 255,
          "flipX": false,
          "flipY": false,
          "gradientColors": [
            "#FFFFFF",
            "#000000"
          ],
          "groupIcons": [],
          "heightInPercentage": 1,
          "imgDrawablePath": "template6/drawables/asset___5_.xml",
          "isBold": false,
          "isGradient": false,
          "isHide": false,
          "isItalic": false,
          "isLocked": true,
          "isSelected": false,
          "isShadow": true,
          "isUnderline": false,
          "keepAspectRatio": false,
          "layerType": "Image",
          "positionXinPercentage": 0.295,
          "positionYinPercentage": 0,
          "rotate": 0,
          "shadowColor": "#000000",
          "tag": "",
          "textColor": "#000000",
          "textFontPath": "",
          "textGravity": "CENTER",
          "textSize": 9,
          "textString": "This is some text. This is some text.",
          "textStroke": "FILL",
          "tintDrawableColor": "0",
          "widthInPercentage": 0.45
        },
        {
          "alpha": 255,
          "flipX": false,
          "flipY": false,
          "gradientColors": [
            "#FFFFFF",
            "#000000"
          ],
          "groupIcons": [],
          "heightInPercentage": 0.6866471,
          "imgDrawablePath": "template6/drawables/asset___4_.xml",
          "isBold": false,
          "isGradient": false,
          "isHide": false,
          "isItalic": false,
          "isLocked": true,
          "isSelected": false,
          "isShadow": false,
          "isUnderline": false,
          "keepAspectRatio": false,
          "layerType": "Image",
          "positionXinPercentage": 0.365,
          "positionYinPercentage": 0.15299998,
          "rotate": 0,
          "shadowColor": "#000000",
          "tag": "",
          "textColor": "#000000",
          "textFontPath": "",
          "textGravity": "CENTER",
          "textSize": 9,
          "textString": "This is some text. This is some text.",
          "textStroke": "FILL",
          "tintDrawableColor": "0",
          "widthInPercentage": 0.29409003
        },
        {
          "alpha": 255,
          "flipX": false,
          "flipY": false,
          "gradientColors": [
            "#FFFFFF",
            "#000000"
          ],
          "groupIcons": [],
          "heightInPercentage": 0.086021505,
          "imgDrawablePath": "",
          "isBold": false,
          "isGradient": false,
          "isHide": false,
          "isItalic": false,
          "isLocked": false,
          "isSelected": false,
          "isShadow": false,
          "isUnderline": false,
          "keepAspectRatio": false,
          "layerType": "TextView",
          "positionXinPercentage": 0.023918273,
          "positionYinPercentage": 0.15482146,
          "rotate": 0,
          "shadowColor": "#000000",
          "tag": "name",
          "textColor": "#FF000000",
          "textFontPath": "template6/fonts/Montserrat-Bold.otf",
          "textGravity": "START",
          "textSize": 7,
          "textString": "MUHAMMAD ZAIN",
          "textStroke": "FILL",
          "tintDrawableColor": "0",
          "widthInPercentage": 0.45921665
        },
        {
          "alpha": 255,
          "flipX": false,
          "flipY": false,
          "gradientColors": [
            "#FFFFFF",
            "#000000"
          ],
          "groupIcons": [],
          "heightInPercentage": 0.032258064,
          "imgDrawablePath": "",
          "isBold": false,
          "isGradient": false,
          "isHide": false,
          "isItalic": false,
          "isLocked": false,
          "isSelected": false,
          "isShadow": false,
          "isUnderline": false,
          "keepAspectRatio": false,
          "layerType": "TextView",
          "positionXinPercentage": 0.0260476,
          "positionYinPercentage": 0.2539286,
          "rotate": 0,
          "shadowColor": "#000000",
          "tag": "designation",
          "textColor": "#FF000000",
          "textFontPath": "template6/fonts/Montserrat-Bold.otf",
          "textGravity": "START",
          "textSize": 3,
          "textString": "ANDROID DEVELOPER",
          "textStroke": "FILL",
          "tintDrawableColor": "0",
          "widthInPercentage": 0.37673017
        },
        {
          "alpha": 255,
          "flipX": false,
          "flipY": false,
          "gradientColors": [
            "#FFFFFF",
            "#000000"
          ],
          "groupIcons": [],
          "heightInPercentage": 0.21857822,
          "imgDrawablePath": "template6/drawables/asset___1_.xml",
          "isBold": false,
          "isGradient": false,
          "isHide": false,
          "isItalic": false,
          "isLocked": true,
          "isSelected": false,
          "isShadow": false,
          "isUnderline": false,
          "keepAspectRatio": true,
          "layerType": "Image",
          "positionXinPercentage": 0.05022831,
          "positionYinPercentage": 0.70547944,
          "rotate": 0,
          "shadowColor": "#000000",
          "tag": "",
          "textColor": "#000000",
          "textFontPath": "",
          "textGravity": "CENTER",
          "textSize": 9,
          "textString": "This is some text. This is some text.",
          "textStroke": "FILL",
          "tintDrawableColor": "0",
          "widthInPercentage": 0.13293651
        },
        {
          "alpha": 255,
          "flipX": false,
          "flipY": false,
          "gradientColors": [
            "#FFFFFF",
            "#000000"
          ],
          "groupIcons": [],
          "heightInPercentage": 0.05,
          "imgDrawablePath": "template6/drawables/asset___19_.xml",
          "isBold": false,
          "isGradient": false,
          "isHide": false,
          "isItalic": false,
          "isLocked": true,
          "isSelected": false,
          "isShadow": false,
          "isUnderline": false,
          "keepAspectRatio": false,
          "layerType": "Image",
          "positionXinPercentage": 0.63,
          "positionYinPercentage": 0.33000004,
          "rotate": 0,
          "shadowColor": "#000000",
          "tag": "",
          "textColor": "#000000",
          "textFontPath": "",
          "textGravity": "CENTER",
          "textSize": 9,
          "textString": "This is some text. This is some text.",
          "textStroke": "FILL",
          "tintDrawableColor": "0",
          "widthInPercentage": 0.023
        },
        {
          "alpha": 255,
          "flipX": false,
          "flipY": false,
          "gradientColors": [
            "#FFFFFF",
            "#000000"
          ],
          "groupIcons": [],
          "heightInPercentage": 0.05,
          "imgDrawablePath": "template6/drawables/asset___20_.xml",
          "isBold": false,
          "isGradient": false,
          "isHide": false,
          "isItalic": false,
          "isLocked": true,
          "isSelected": false,
          "isShadow": false,
          "isUnderline": false,
          "keepAspectRatio": false,
          "layerType": "Image",
          "positionXinPercentage": 0.63,
          "positionYinPercentage": 0.44200003,
          "rotate": 0,
          "shadowColor": "#000000",
          "tag": "",
          "textColor": "#000000",
          "textFontPath": "",
          "textGravity": "CENTER",
          "textSize": 9,
          "textString": "This is some text. This is some text.",
          "textStroke": "FILL",
          "tintDrawableColor": "0",
          "widthInPercentage": 0.023
        },
        {
          "alpha": 255,
          "flipX": false,
          "flipY": false,
          "gradientColors": [
            "#FFFFFF",
            "#000000"
          ],
          "groupIcons": [],
          "heightInPercentage": 0.043,
          "imgDrawablePath": "template6/drawables/asset___21_.xml",
          "isBold": false,
          "isGradient": false,
          "isHide": false,
          "isItalic": false,
          "isLocked": true,
          "isSelected": false,
          "isShadow": false,
          "isUnderline": false,
          "keepAspectRatio": false,
          "layerType": "Image",
          "positionXinPercentage": 0.625,
          "positionYinPercentage": 0.548,
          "rotate": 0,
          "shadowColor": "#000000",
          "tag": "",
          "textColor": "#000000",
          "textFontPath": "",
          "textGravity": "CENTER",
          "textSize": 9,
          "textString": "This is some text. This is some text.",
          "textStroke": "FILL",
          "tintDrawableColor": "0",
          "widthInPercentage": 0.033
        },
        {
          "alpha": 255,
          "flipX": false,
          "flipY": false,
          "gradientColors": [
            "#FFFFFF",
            "#000000"
          ],
          "groupIcons": [],
          "heightInPercentage": 0.05,
          "imgDrawablePath": "template6/drawables/asset___18_.xml",
          "isBold": false,
          "isGradient": false,
          "isHide": false,
          "isItalic": false,
          "isLocked": true,
          "isSelected": false,
          "isShadow": false,
          "isUnderline": false,
          "keepAspectRatio": false,
          "layerType": "Image",
          "positionXinPercentage": 0.635,
          "positionYinPercentage": 0.64,
          "rotate": 0,
          "shadowColor": "#000000",
          "tag": "",
          "textColor": "#000000",
          "textFontPath": "",
          "textGravity": "CENTER",
          "textSize": 9,
          "textString": "This is some text. This is some text.",
          "textStroke": "FILL",
          "tintDrawableColor": "0",
          "widthInPercentage": 0.023
        },
        {
          "alpha": 255,
          "flipX": false,
          "flipY": false,
          "gradientColors": [
            "#FFFFFF",
            "#000000"
          ],
          "groupIcons": [],
          "heightInPercentage": 0.01,
          "imgDrawablePath": "template6/drawables/asset___16_.xml",
          "isBold": false,
          "isGradient": false,
          "isHide": false,
          "isItalic": false,
          "isLocked": true,
          "isSelected": false,
          "isShadow": false,
          "isUnderline": false,
          "keepAspectRatio": false,
          "layerType": "Image",
          "positionXinPercentage": 0.04,
          "positionYinPercentage": 0.34817353,
          "rotate": 0,
          "shadowColor": "#000000",
          "tag": "",
          "textColor": "#000000",
          "textFontPath": "",
          "textGravity": "CENTER",
          "textSize": 9,
          "textString": "This is some text. This is some text.",
          "textStroke": "FILL",
          "tintDrawableColor": "0",
          "widthInPercentage": 0.295
        },
        {
          "alpha": 255,
          "flipX": false,
          "flipY": false,
          "gradientColors": [
            "#FFFFFF",
            "#000000"
          ],
          "groupIcons": [],
          "heightInPercentage": 0.048387095,
          "imgDrawablePath": "",
          "isBold": false,
          "isGradient": false,
          "isHide": false,
          "isItalic": false,
          "isLocked": false,
          "isSelected": false,
          "isShadow": false,
          "isUnderline": false,
          "keepAspectRatio": false,
          "layerType": "TextView",
          "positionXinPercentage": 0.68,
          "positionYinPercentage": 0.33000004,
          "rotate": 0,
          "shadowColor": "#000000",
          "tag": "address",
          "textColor": "#ffffffff",
          "textFontPath": "template6/fonts/Montserrat-Bold.otf",
          "textGravity": "START",
          "textSize": 4,
          "textString": "Morgah mor",
          "textStroke": "FILL",
          "tintDrawableColor": "0",
          "widthInPercentage": 0.3
        },
        {
          "alpha": 255,
          "flipX": false,
          "flipY": false,
          "gradientColors": [
            "#FFFFFF",
            "#000000"
          ],
          "groupIcons": [],
          "heightInPercentage": 0.048387095,
          "imgDrawablePath": "",
          "isBold": false,
          "isGradient": false,
          "isHide": false,
          "isItalic": false,
          "isLocked": false,
          "isSelected": false,
          "isShadow": false,
          "isUnderline": false,
          "keepAspectRatio": false,
          "layerType": "TextView",
          "positionXinPercentage": 0.68,
          "positionYinPercentage": 0.44200003,
          "rotate": 0,
          "shadowColor": "#000000",
          "tag": "phone",
          "textColor": "#ffffffff",
          "textFontPath": "template6/fonts/Montserrat-Bold.otf",
          "textGravity": "START",
          "textSize": 4,
          "textString": "030012345588",
          "textStroke": "FILL",
          "tintDrawableColor": "0",
          "widthInPercentage": 0.3
        },
        {
          "alpha": 255,
          "flipX": false,
          "flipY": false,
          "gradientColors": [
            "#FFFFFF",
            "#000000"
          ],
          "groupIcons": [],
          "heightInPercentage": 0.048387095,
          "imgDrawablePath": "",
          "isBold": false,
          "isGradient": false,
          "isHide": false,
          "isItalic": false,
          "isLocked": false,
          "isSelected": false,
          "isShadow": false,
          "isUnderline": false,
          "keepAspectRatio": false,
          "layerType": "TextView",
          "positionXinPercentage": 0.68,
          "positionYinPercentage": 0.548,
          "rotate": 0,
          "shadowColor": "#000000",
          "tag": "email",
          "textColor": "#ffffffff",
          "textFontPath": "template6/fonts/Montserrat-Bold.otf",
          "textGravity": "START",
          "textSize": 4,
          "textString": "www.devsky@gmail.com",
          "textStroke": "FILL",
          "tintDrawableColor": "0",
          "widthInPercentage": 0.3
        },
        {
          "alpha": 255,
          "flipX": false,
          "flipY": false,
          "gradientColors": [
            "#FFFFFF",
            "#000000"
          ],
          "groupIcons": [],
          "heightInPercentage": 0.048387095,
          "imgDrawablePath": "",
          "isBold": false,
          "isGradient": false,
          "isHide": false,
          "isItalic": false,
          "isLocked": false,
          "isSelected": false,
          "isShadow": false,
          "isUnderline": false,
          "keepAspectRatio": false,
          "layerType": "TextView",
          "positionXinPercentage": 0.68,
          "positionYinPercentage": 0.64,
          "rotate": 0,
          "shadowColor": "#000000",
          "tag": "website",
          "textColor": "#ffffffff",
          "textFontPath": "template6/fonts/Montserrat-Bold.otf",
          "textGravity": "START",
          "textSize": 4,
          "textString": "www.devsky.com",
          "textStroke": "FILL",
          "tintDrawableColor": "0",
          "widthInPercentage": 0.3
        },
        {
          "alpha": 255,
          "flipX": false,
          "flipY": false,
          "gradientColors": [
            "#FFFFFF",
            "#000000"
          ],
          "groupIcons": [],
          "heightInPercentage": 0.02,
          "imgDrawablePath": "template6/drawables/asset___2_.xml",
          "isBold": false,
          "isGradient": false,
          "isHide": false,
          "isItalic": false,
          "isLocked": true,
          "isSelected": false,
          "isShadow": false,
          "isUnderline": false,
          "keepAspectRatio": false,
          "layerType": "Image",
          "positionXinPercentage": 0.028031727,
          "positionYinPercentage": 0.342,
          "rotate": 0,
          "shadowColor": "#000000",
          "tag": "",
          "textColor": "#000000",
          "textFontPath": "",
          "textGravity": "CENTER",
          "textSize": 9,
          "textString": "This is some text. This is some text.",
          "textStroke": "FILL",
          "tintDrawableColor": "0",
          "widthInPercentage": 0.05
        }
      ]
    }
  ]
}