{"cardBackgroundColor":"#112439","itemId":"","mainItemList":[{"alpha":255,"flipX":true,"flipY":false,"groupIcons":[],"heightInPercentage":1.0,"imgDrawablePath":"template2/drawables/layer_1.xml","isBold":false,"isHide":false,"isItalic":false,"isLocked":true,"isSelected":false,"isShadow":false,"isUnderline":false,"keepAspectRatio":false,"layerType":"Image","positionXinPercentage":0.0,"positionYinPercentage":0.0,"shadowColor":"#000000","textColor":"#000000","textFontPath":"","textSize":9,"textString":"This is some text. This is some text.","tintDrawableColor":"0","widthInPercentage":0.96130955},{"alpha":255,"flipX":false,"flipY":false,"groupIcons":[],"heightInPercentage":0.11785714,"imgDrawablePath":"","isBold":false,"isHide":false,"isItalic":false,"isLocked":false,"isSelected":false,"isShadow":false,"isUnderline":false,"keepAspectRatio":false,"layerType":"TextView","positionXinPercentage":0.58779764,"positionYinPercentage":0.14642857,"shadowColor":"#FFFFFF","textColor":"#FFD86E","textFontPath":"template2/fonts/bebas.ttf","textSize":10,"textString":"YOUR NAME","tintDrawableColor":"#000000","widthInPercentage":0.3358135},{"alpha":255,"flipX":false,"flipY":false,"groupIcons":[],"heightInPercentage":0.06964286,"imgDrawablePath":"","isBold":false,"isHide":false,"isItalic":false,"isLocked":false,"isSelected":false,"isShadow":false,"isUnderline":false,"keepAspectRatio":false,"layerType":"TextView","positionXinPercentage":0.6344246,"positionYinPercentage":0.27589285,"shadowColor":"#FFFFFF","textColor":"#FFD86E","textFontPath":"template2/fonts/bahnschrift.ttf","textSize":6,"textString":"Graphic Designer","tintDrawableColor":"#000000","widthInPercentage":0.26140872},{"alpha":255,"flipX":false,"flipY":false,"groupIcons":[],"heightInPercentage":0.06,"imgDrawablePath":"template2/drawables/website.xml","isBold":false,"isHide":false,"isItalic":false,"isLocked":true,"isSelected":false,"isShadow":false,"isUnderline":false,"keepAspectRatio":true,"layerType":"Image","positionXinPercentage":0.8546627,"positionYinPercentage":0.7892857,"shadowColor":"#000000","textColor":"#000000","textFontPath":"","textSize":9,"textString":"This is some text. This is some text.","tintDrawableColor":"0","widthInPercentage":0.025},{"alpha":255,"flipX":false,"flipY":false,"groupIcons":[],"heightInPercentage":0.06,"imgDrawablePath":"template2/drawables/mail.xml","isBold":false,"isHide":false,"isItalic":false,"isLocked":true,"isSelected":false,"isShadow":false,"isUnderline":false,"keepAspectRatio":true,"layerType":"Image","positionXinPercentage":0.84424603,"positionYinPercentage":0.69107145,"shadowColor":"#000000","textColor":"#000000","textFontPath":"","textSize":9,"textString":"This is some text. This is some text.","tintDrawableColor":"0","widthInPercentage":0.04},{"alpha":255,"flipX":false,"flipY":false,"groupIcons":[],"heightInPercentage":0.06,"imgDrawablePath":"template2/drawables/phone.xml","isBold":false,"isHide":false,"isItalic":false,"isLocked":true,"isSelected":false,"isShadow":false,"isUnderline":false,"keepAspectRatio":true,"layerType":"Image","positionXinPercentage":0.84623015,"positionYinPercentage":0.57410717,"shadowColor":"#000000","textColor":"#000000","textFontPath":"","textSize":9,"textString":"This is some text. This is some text.","tintDrawableColor":"0","widthInPercentage":0.04},{"alpha":255,"flipX":false,"flipY":false,"groupIcons":[],"heightInPercentage":0.07,"imgDrawablePath":"template2/drawables/location.xml","isBold":false,"isHide":false,"isItalic":false,"isLocked":true,"isSelected":false,"isShadow":false,"isUnderline":false,"keepAspectRatio":true,"layerType":"Image","positionXinPercentage":0.84126985,"positionYinPercentage":0.46071428,"shadowColor":"#000000","textColor":"#000000","textFontPath":"","textSize":9,"textString":"This is some text. This is some text.","tintDrawableColor":"0","widthInPercentage":0.04},{"alpha":255,"flipX":false,"flipY":false,"groupIcons":[],"heightInPercentage":0.046428572,"imgDrawablePath":"","isBold":false,"isHide":false,"isItalic":false,"isLocked":true,"isSelected":false,"isShadow":false,"isUnderline":false,"keepAspectRatio":false,"layerType":"TextView","positionXinPercentage":0.60218257,"positionYinPercentage":0.79732144,"shadowColor":"#FFFFFF","textColor":"#FFD86E","textFontPath":"template2/fonts/bahnschrift.ttf","textSize":4,"textString":"website Address here","tintDrawableColor":"#000000","widthInPercentage":0.21987721},{"alpha":255,"flipX":false,"flipY":false,"groupIcons":[],"heightInPercentage":0.046428572,"imgDrawablePath":"","isBold":false,"isHide":false,"isItalic":false,"isLocked":true,"isSelected":false,"isShadow":false,"isUnderline":false,"keepAspectRatio":false,"layerType":"TextView","positionXinPercentage":0.640873,"positionYinPercentage":0.6892857,"shadowColor":"#FFFFFF","textColor":"#FFD86E","textFontPath":"template2/fonts/bahnschrift.ttf","textSize":4,"textString":"mail.@gmail.com","tintDrawableColor":"#000000","widthInPercentage":0.18055555},{"alpha":255,"flipX":false,"flipY":false,"groupIcons":[],"heightInPercentage":0.046428572,"imgDrawablePath":"","isBold":false,"isHide":false,"isItalic":false,"isLocked":true,"isSelected":false,"isShadow":false,"isUnderline":false,"keepAspectRatio":false,"layerType":"TextView","positionXinPercentage":0.6597222,"positionYinPercentage":0.58928573,"shadowColor":"#FFFFFF","textColor":"#FFD86E","textFontPath":"template2/fonts/bahnschrift.ttf","textSize":4,"textString":"+92 123 1234567","tintDrawableColor":"#000000","widthInPercentage":0.17460318},{"alpha":255,"flipX":false,"flipY":false,"groupIcons":[],"heightInPercentage":0.046428572,"imgDrawablePath":"","isBold":false,"isHide":false,"isItalic":false,"isLocked":true,"isSelected":false,"isShadow":false,"isUnderline":false,"keepAspectRatio":false,"layerType":"TextView","positionXinPercentage":0.5590278,"positionYinPercentage":0.4875,"shadowColor":"#FFFFFF","textColor":"#FFD86E","textFontPath":"template2/fonts/bahnschrift.ttf","textSize":4,"textString":"123, Dummy LOREM Ipsum","tintDrawableColor":"#000000","widthInPercentage":0.27926588}]}