{
  "dateAndTime": {
    "first": "04/23/24",
    "second": "Tue, 02:35 PM"
  },
  "itemId": "template2",
  "jsonList": [
    {
      "cardBackgroundColor": "#CCCBCB",
      "itemId": "card1",
      "mainItemList": [
        {
          "alpha": 255,
          "flipX": false,
          "flipY": false,
          "gradientColors": [
            "#FFFFFF",
            "#000000"
          ],
          "groupIcons": [],
          "heightInPercentage": 1,
          "imgDrawablePath": "template2/drawables/asset___13_.xml",
          "isBold": false,
          "isGradient": false,
          "isHide": false,
          "isItalic": false,
          "isLocked": true,
          "isSelected": false,
          "isShadow": false,
          "isUnderline": false,
          "keepAspectRatio": false,
          "layerType": "Image",
          "positionXinPercentage": 0,
          "positionYinPercentage": 0,
          "rotate": 0,
          "shadowColor": "#000000",
          "tag": "",
          "textColor": "#000000",
          "textFontPath": "",
          "textGravity": "CENTER",
          "textSize": 9,
          "textString": "This is some text. This is some text.",
          "textStroke": "FILL",
          "tintDrawableColor": "#ff2f3542",
          "widthInPercentage": 1
        },
        {
          "alpha": 255,
          "flipX": false,
          "flipY": false,
          "gradientColors": [
            "#FFFFFF",
            "#000000"
          ],
          "groupIcons": [],
          "heightInPercentage": 0.52678573,
          "imgDrawablePath": "template2/drawables/asset___10_.xml",
          "isBold": false,
          "isGradient": false,
          "isHide": false,
          "isItalic": false,
          "isLocked": true,
          "isSelected": false,
          "isShadow": false,
          "isUnderline": false,
          "keepAspectRatio": false,
          "layerType": "Image",
          "positionXinPercentage": 0,
          "positionYinPercentage": 0,
          "rotate": 0,
          "shadowColor": "#000000",
          "tag": "",
          "textColor": "#000000",
          "textFontPath": "",
          "textGravity": "CENTER",
          "textSize": 9,
          "textString": "This is some text. This is some text.",
          "textStroke": "FILL",
          "tintDrawableColor": "#ffe0a500",
          "widthInPercentage": 0.22173603
        },
        {
          "alpha": 255,
          "flipX": false,
          "flipY": false,
          "gradientColors": [
            "#FFFFFF",
            "#000000"
          ],
          "groupIcons": [],
          "heightInPercentage": 0.64950687,
          "imgDrawablePath": "template2/drawables/asset___11_.xml",
          "isBold": false,
          "isGradient": false,
          "isHide": false,
          "isItalic": false,
          "isLocked": true,
          "isSelected": false,
          "isShadow": false,
          "isUnderline": false,
          "keepAspectRatio": true,
          "layerType": "Image",
          "positionXinPercentage": 0.8132469,
          "positionYinPercentage": 0.35049313,
          "rotate": 0,
          "shadowColor": "#000000",
          "tag": "",
          "textColor": "#000000",
          "textFontPath": "",
          "textGravity": "CENTER",
          "textSize": 9,
          "textString": "This is some text. This is some text.",
          "textStroke": "FILL",
          "tintDrawableColor": "0",
          "widthInPercentage": 0.18675311
        },
        {
          "alpha": 255,
          "flipX": false,
          "flipY": false,
          "gradientColors": [
            "#FFFFFF",
            "#000000"
          ],
          "groupIcons": [],
          "heightInPercentage": 0.22808218,
          "imgDrawablePath": "template2/drawables/asset___4_.xml",
          "isBold": false,
          "isGradient": false,
          "isHide": false,
          "isItalic": false,
          "isLocked": true,
          "isSelected": false,
          "isShadow": false,
          "isUnderline": false,
          "keepAspectRatio": true,
          "layerType": "Image",
          "positionXinPercentage": 0.72120297,
          "positionYinPercentage": 0.7719178,
          "rotate": 0,
          "shadowColor": "#000000",
          "tag": "",
          "textColor": "#000000",
          "textFontPath": "",
          "textGravity": "CENTER",
          "textSize": 9,
          "textString": "This is some text. This is some text.",
          "textStroke": "FILL",
          "tintDrawableColor": "#ffe0a500",
          "widthInPercentage": 0.19340183
        },
        {
          "alpha": 255,
          "flipX": false,
          "flipY": false,
          "gradientColors": [
            "#FFFFFF",
            "#000000"
          ],
          "groupIcons": [],
          "heightInPercentage": 0.7214286,
          "imgDrawablePath": "template2/drawables/asset___12_.xml",
          "isBold": false,
          "isGradient": false,
          "isHide": false,
          "isItalic": false,
          "isLocked": true,
          "isSelected": false,
          "isShadow": false,
          "isUnderline": false,
          "keepAspectRatio": false,
          "layerType": "Image",
          "positionXinPercentage": 0.6964286,
          "positionYinPercentage": 0.27857143,
          "rotate": 0,
          "shadowColor": "#000000",
          "tag": "",
          "textColor": "#000000",
          "textFontPath": "",
          "textGravity": "CENTER",
          "textSize": 9,
          "textString": "This is some text. This is some text.",
          "textStroke": "FILL",
          "tintDrawableColor": "#ffffc100",
          "widthInPercentage": 0.30357143
        },
        {
          "alpha": 255,
          "flipX": false,
          "flipY": false,
          "gradientColors": [
            "#FFFFFF",
            "#000000"
          ],
          "groupIcons": [],
          "heightInPercentage": 0.23275751,
          "imgDrawablePath": "template2/drawables/logo.xml",
          "isBold": false,
          "isGradient": false,
          "isHide": false,
          "isItalic": false,
          "isLocked": true,
          "isSelected": false,
          "isShadow": false,
          "isUnderline": false,
          "keepAspectRatio": true,
          "layerType": "Image",
          "positionXinPercentage": 0.4178082,
          "positionYinPercentage": 0.2522831,
          "rotate": 0,
          "shadowColor": "#000000",
          "tag": "",
          "textColor": "#000000",
          "textFontPath": "",
          "textGravity": "CENTER",
          "textSize": 9,
          "textString": "This is some text. This is some text.",
          "textStroke": "FILL",
          "tintDrawableColor": "#fff6be1d",
          "widthInPercentage": 0.13641633
        },
        {
          "alpha": 255,
          "flipX": false,
          "flipY": false,
          "gradientColors": [
            "#FFFFFF",
            "#000000"
          ],
          "groupIcons": [],
          "heightInPercentage": 0.09139785,
          "imgDrawablePath": "",
          "isBold": false,
          "isGradient": false,
          "isHide": false,
          "isItalic": false,
          "isLocked": false,
          "isSelected": false,
          "isShadow": false,
          "isUnderline": false,
          "keepAspectRatio": false,
          "layerType": "TextView",
          "positionXinPercentage": 0.202,
          "positionYinPercentage": 0.506,
          "rotate": 0,
          "shadowColor": "#000000",
          "tag": "company",
          "textColor": "#ffffffff",
          "textFontPath": "template2/fonts/beround-semibold.otf",
          "textGravity": "CENTER",
          "textSize": 7,
          "textString": "Dev Sky ",
          "textStroke": "FILL",
          "tintDrawableColor": "0",
          "widthInPercentage": 0.56
        },
        {
          "alpha": 255,
          "flipX": false,
          "flipY": false,
          "gradientColors": [
            "#FFFFFF",
            "#000000"
          ],
          "groupIcons": [],
          "heightInPercentage": 0.06451613,
          "imgDrawablePath": "",
          "isBold": false,
          "isGradient": false,
          "isHide": false,
          "isItalic": false,
          "isLocked": false,
          "isSelected": false,
          "isShadow": false,
          "isUnderline": false,
          "keepAspectRatio": false,
          "layerType": "TextView",
          "positionXinPercentage": 0.18963362,
          "positionYinPercentage": 0.588,
          "rotate": 0,
          "shadowColor": "#000000",
          "tag": "tagline",
          "textColor": "#ffffffff",
          "textFontPath": "template2/fonts/beround-semibold.otf",
          "textGravity": "CENTER",
          "textSize": 5,
          "textString": "We Make It Happened ",
          "textStroke": "FILL",
          "tintDrawableColor": "0",
          "widthInPercentage": 0.54548544
        }
      ]
    },
    {
      "cardBackgroundColor": "#CCCBCB",
      "itemId": "card1",
      "mainItemList": [
        {
          "alpha": 255,
          "flipX": false,
          "flipY": false,
          "gradientColors": [
            "#FFFFFF",
            "#000000"
          ],
          "groupIcons": [],
          "heightInPercentage": 1,
          "imgDrawablePath": "template2/drawables/asset___13_.xml",
          "isBold": false,
          "isGradient": false,
          "isHide": false,
          "isItalic": false,
          "isLocked": true,
          "isSelected": false,
          "isShadow": false,
          "isUnderline": false,
          "keepAspectRatio": false,
          "layerType": "Image",
          "positionXinPercentage": 0,
          "positionYinPercentage": 0,
          "rotate": 0,
          "shadowColor": "#000000",
          "tag": "",
          "textColor": "#000000",
          "textFontPath": "",
          "textGravity": "CENTER",
          "textSize": 9,
          "textString": "This is some text. This is some text.",
          "textStroke": "FILL",
          "tintDrawableColor": "#ffffffff",
          "widthInPercentage": 1
        },
        {
          "alpha": 255,
          "flipX": false,
          "flipY": false,
          "gradientColors": [
            "#FFFFFF",
            "#000000"
          ],
          "groupIcons": [],
          "heightInPercentage": 0.26332232,
          "imgDrawablePath": "template2/drawables/asset___4_.xml",
          "isBold": false,
          "isGradient": false,
          "isHide": false,
          "isItalic": false,
          "isLocked": true,
          "isSelected": false,
          "isShadow": false,
          "isUnderline": false,
          "keepAspectRatio": true,
          "layerType": "Image",
          "positionXinPercentage": 0.27776876,
          "positionYinPercentage": 0.73667765,
          "rotate": 0,
          "shadowColor": "#000000",
          "tag": "",
          "textColor": "#000000",
          "textFontPath": "",
          "textGravity": "CENTER",
          "textSize": 9,
          "textString": "This is some text. This is some text.",
          "textStroke": "FILL",
          "tintDrawableColor": "0",
          "widthInPercentage": 0.22024712
        },
        {
          "alpha": 255,
          "flipX": false,
          "flipY": false,
          "gradientColors": [
            "#FFFFFF",
            "#000000"
          ],
          "groupIcons": [],
          "heightInPercentage": 0.31428573,
          "imgDrawablePath": "template2/drawables/asset___5_.xml",
          "isBold": false,
          "isGradient": false,
          "isHide": false,
          "isItalic": false,
          "isLocked": true,
          "isSelected": false,
          "isShadow": false,
          "isUnderline": false,
          "keepAspectRatio": false,
          "layerType": "Image",
          "positionXinPercentage": 0,
          "positionYinPercentage": 0,
          "rotate": 0,
          "shadowColor": "#000000",
          "tag": "",
          "textColor": "#000000",
          "textFontPath": "",
          "textGravity": "CENTER",
          "textSize": 9,
          "textString": "This is some text. This is some text.",
          "textStroke": "FILL",
          "tintDrawableColor": "0",
          "widthInPercentage": 0.23214285
        },
        {
          "alpha": 255,
          "flipX": false,
          "flipY": false,
          "gradientColors": [
            "#FFFFFF",
            "#000000"
          ],
          "groupIcons": [],
          "heightInPercentage": 1,
          "imgDrawablePath": "template2/drawables/asset___9_.xml",
          "isBold": false,
          "isGradient": false,
          "isHide": false,
          "isItalic": false,
          "isLocked": true,
          "isSelected": false,
          "isShadow": false,
          "isUnderline": false,
          "keepAspectRatio": false,
          "layerType": "Image",
          "positionXinPercentage": 0,
          "positionYinPercentage": 0,
          "rotate": 0,
          "shadowColor": "#000000",
          "tag": "",
          "textColor": "#000000",
          "textFontPath": "",
          "textGravity": "CENTER",
          "textSize": 9,
          "textString": "This is some text. This is some text.",
          "textStroke": "FILL",
          "tintDrawableColor": "0",
          "widthInPercentage": 0.6736111
        },
        {
          "alpha": 255,
          "flipX": false,
          "flipY": false,
          "gradientColors": [
            "#FFFFFF",
            "#000000"
          ],
          "groupIcons": [],
          "heightInPercentage": 0.25789455,
          "imgDrawablePath": "template2/drawables/asset___5_.xml",
          "isBold": false,
          "isGradient": false,
          "isHide": false,
          "isItalic": false,
          "isLocked": true,
          "isSelected": false,
          "isShadow": false,
          "isUnderline": false,
          "keepAspectRatio": true,
          "layerType": "Image",
          "positionXinPercentage": 0.46575344,
          "positionYinPercentage": 0,
          "rotate": 0,
          "shadowColor": "#000000",
          "tag": "",
          "textColor": "#000000",
          "textFontPath": "",
          "textGravity": "CENTER",
          "textSize": 9,
          "textString": "This is some text. This is some text.",
          "textStroke": "FILL",
          "tintDrawableColor": "#ffe0a500",
          "widthInPercentage": 0.20206836
        },
        {
          "alpha": 255,
          "flipX": false,
          "flipY": false,
          "gradientColors": [
            "#FFFFFF",
            "#000000"
          ],
          "groupIcons": [],
          "heightInPercentage": 1,
          "imgDrawablePath": "template2/drawables/asset___3_.xml",
          "isBold": false,
          "isGradient": false,
          "isHide": false,
          "isItalic": false,
          "isLocked": true,
          "isSelected": false,
          "isShadow": false,
          "isUnderline": false,
          "keepAspectRatio": false,
          "layerType": "Image",
          "positionXinPercentage": 0.257,
          "positionYinPercentage": 0,
          "rotate": 0,
          "shadowColor": "#000000",
          "tag": "",
          "textColor": "#000000",
          "textFontPath": "",
          "textGravity": "CENTER",
          "textSize": 9,
          "textString": "This is some text. This is some text.",
          "textStroke": "FILL",
          "tintDrawableColor": "0",
          "widthInPercentage": 0.41811928
        },
        {
          "alpha": 255,
          "flipX": false,
          "flipY": false,
          "gradientColors": [
            "#FFFFFF",
            "#000000"
          ],
          "groupIcons": [],
          "heightInPercentage": 0.09821428,
          "imgDrawablePath": "",
          "isBold": false,
          "isGradient": false,
          "isHide": false,
          "isItalic": false,
          "isLocked": false,
          "isSelected": false,
          "isShadow": false,
          "isUnderline": false,
          "keepAspectRatio": false,
          "layerType": "TextView",
          "positionXinPercentage": 0.54761106,
          "positionYinPercentage": 0.21600004,
          "rotate": 0,
          "shadowColor": "#000000",
          "tag": "name",
          "textColor": "#FF000000",
          "textFontPath": "template2/fonts/Poppins-Medium.ttf",
          "textGravity": "END",
          "textSize": 7,
          "textString": "MUHAMMAD ZAIN",
          "textStroke": "FILL",
          "tintDrawableColor": "0",
          "widthInPercentage": 0.4047699
        },
        {
          "alpha": 255,
          "flipX": false,
          "flipY": false,
          "gradientColors": [
            "#FFFFFF",
            "#000000"
          ],
          "groupIcons": [],
          "heightInPercentage": 0.057142857,
          "imgDrawablePath": "",
          "isBold": false,
          "isGradient": false,
          "isHide": false,
          "isItalic": false,
          "isLocked": false,
          "isSelected": false,
          "isShadow": false,
          "isUnderline": false,
          "keepAspectRatio": false,
          "layerType": "TextView",
          "positionXinPercentage": 0.6059999,
          "positionYinPercentage": 0.312,
          "rotate": 0,
          "shadowColor": "#000000",
          "tag": "designation",
          "textColor": "#FF000000",
          "textFontPath": "template2/fonts/Poppins-Medium.ttf",
          "textGravity": "END",
          "textSize": 4,
          "textString": "ANDROID DEVELOPER",
          "textStroke": "FILL",
          "tintDrawableColor": "0",
          "widthInPercentage": 0.345
        },
        {
          "alpha": 255,
          "flipX": true,
          "flipY": false,
          "gradientColors": [
            "#FFFFFF",
            "#000000"
          ],
          "groupIcons": [],
          "heightInPercentage": 0.384,
          "imgDrawablePath": "template2/drawables/asset___6_.xml",
          "isBold": false,
          "isGradient": false,
          "isHide": false,
          "isItalic": false,
          "isLocked": true,
          "isSelected": false,
          "isShadow": false,
          "isUnderline": false,
          "keepAspectRatio": false,
          "layerType": "Image",
          "positionXinPercentage": 0.74399996,
          "positionYinPercentage": 0.387,
          "rotate": 0,
          "shadowColor": "#000000",
          "tag": "",
          "textColor": "#000000",
          "textFontPath": "",
          "textGravity": "CENTER",
          "textSize": 9,
          "textString": "This is some text. This is some text.",
          "textStroke": "FILL",
          "tintDrawableColor": "0",
          "widthInPercentage": 0.206
        },
        {
          "alpha": 255,
          "flipX": false,
          "flipY": false,
          "gradientColors": [
            "#FFFFFF",
            "#000000"
          ],
          "groupIcons": [],
          "heightInPercentage": 0.19671977,
          "imgDrawablePath": "template2/drawables/logo.xml",
          "isBold": false,
          "isGradient": false,
          "isHide": false,
          "isItalic": false,
          "isLocked": true,
          "isSelected": false,
          "isShadow": false,
          "isUnderline": false,
          "keepAspectRatio": true,
          "layerType": "Image",
          "positionXinPercentage": 0.16071428,
          "positionYinPercentage": 0.32762557,
          "rotate": 0,
          "shadowColor": "#000000",
          "tag": "",
          "textColor": "#000000",
          "textFontPath": "",
          "textGravity": "CENTER",
          "textSize": 9,
          "textString": "This is some text. This is some text.",
          "textStroke": "FILL",
          "tintDrawableColor": "0",
          "widthInPercentage": 0.12301587
        },
        {
          "alpha": 255,
          "flipX": false,
          "flipY": false,
          "gradientColors": [
            "#FFFFFF",
            "#000000"
          ],
          "groupIcons": [],
          "heightInPercentage": 0.07857143,
          "imgDrawablePath": "",
          "isBold": false,
          "isGradient": false,
          "isHide": false,
          "isItalic": false,
          "isLocked": false,
          "isSelected": false,
          "isShadow": false,
          "isUnderline": false,
          "keepAspectRatio": false,
          "layerType": "TextView",
          "positionXinPercentage": 0.07534247,
          "positionYinPercentage": 0.5459274,
          "rotate": 0,
          "shadowColor": "#000000",
          "tag": "company",
          "textColor": "#ffffffff",
          "textFontPath": "template2/fonts/beround-semibold.otf",
          "textGravity": "CENTER",
          "textSize": 6,
          "textString": "Dev Sky ",
          "textStroke": "FILL",
          "tintDrawableColor": "0",
          "widthInPercentage": 0.3
        },
        {
          "alpha": 255,
          "flipX": false,
          "flipY": false,
          "gradientColors": [
            "#FFFFFF",
            "#000000"
          ],
          "groupIcons": [],
          "heightInPercentage": 0.06428572,
          "imgDrawablePath": "",
          "isBold": false,
          "isGradient": false,
          "isHide": false,
          "isItalic": false,
          "isLocked": false,
          "isSelected": false,
          "isShadow": false,
          "isUnderline": false,
          "keepAspectRatio": false,
          "layerType": "TextView",
          "positionXinPercentage": 0.02717981,
          "positionYinPercentage": 0.62,
          "rotate": 0,
          "shadowColor": "#000000",
          "tag": "tagline",
          "textColor": "#ffffffff",
          "textFontPath": "template2/fonts/beround-semibold.otf",
          "textGravity": "CENTER",
          "textSize": 5,
          "textString": "We Make It Happened ",
          "textStroke": "FILL",
          "tintDrawableColor": "0",
          "widthInPercentage": 0.3835345
        },
        {
          "alpha": 255,
          "flipX": false,
          "flipY": false,
          "gradientColors": [
            "#FFFFFF",
            "#000000"
          ],
          "groupIcons": [],
          "heightInPercentage": 0.075,
          "imgDrawablePath": "template2/drawables/asset___18_.xml",
          "isBold": false,
          "isGradient": false,
          "isHide": false,
          "isItalic": false,
          "isLocked": false,
          "isSelected": false,
          "isShadow": false,
          "isUnderline": false,
          "keepAspectRatio": true,
          "layerType": "Image",
          "positionXinPercentage": 0.91499996,
          "positionYinPercentage": 0.83,
          "rotate": 0,
          "shadowColor": "#000000",
          "tag": "",
          "textColor": "#000000",
          "textFontPath": "",
          "textGravity": "CENTER",
          "textSize": 9,
          "textString": "This is some text. This is some text.",
          "textStroke": "FILL",
          "tintDrawableColor": "0",
          "widthInPercentage": 0.04
        },
        {
          "alpha": 255,
          "flipX": false,
          "flipY": false,
          "gradientColors": [
            "#FFFFFF",
            "#000000"
          ],
          "groupIcons": [],
          "heightInPercentage": 0.114285715,
          "imgDrawablePath": "",
          "isBold": false,
          "isGradient": false,
          "isHide": false,
          "isItalic": false,
          "isLocked": false,
          "isSelected": false,
          "isShadow": false,
          "isUnderline": false,
          "keepAspectRatio": false,
          "layerType": "TextView",
          "positionXinPercentage": 0.59699994,
          "positionYinPercentage": 0.521396,
          "rotate": 0,
          "shadowColor": "#000000",
          "tag": "phone",
          "textColor": "#FF000000",
          "textFontPath": "template2/fonts/Poppins-Regular.ttf",
          "textGravity": "END",
          "textSize": 4,
          "textString": "03001234567\n03001234567",
          "textStroke": "FILL",
          "tintDrawableColor": "0",
          "widthInPercentage": 0.3
        },
        {
          "alpha": 255,
          "flipX": false,
          "flipY": false,
          "gradientColors": [
            "#FFFFFF",
            "#000000"
          ],
          "groupIcons": [],
          "heightInPercentage": 0.01,
          "imgDrawablePath": "template2/drawables/asset___7_.xml",
          "isBold": false,
          "isGradient": false,
          "isHide": false,
          "isItalic": false,
          "isLocked": true,
          "isSelected": false,
          "isShadow": false,
          "isUnderline": false,
          "keepAspectRatio": false,
          "layerType": "Image",
          "positionXinPercentage": 0.59699994,
          "positionYinPercentage": 0.662,
          "rotate": 0,
          "shadowColor": "#000000",
          "tag": "",
          "textColor": "#000000",
          "textFontPath": "",
          "textGravity": "CENTER",
          "textSize": 9,
          "textString": "This is some text. This is some text.",
          "textStroke": "FILL",
          "tintDrawableColor": "0",
          "widthInPercentage": 0.361
        },
        {
          "alpha": 255,
          "flipX": false,
          "flipY": false,
          "gradientColors": [
            "#FFFFFF",
            "#000000"
          ],
          "groupIcons": [],
          "heightInPercentage": 0.01,
          "imgDrawablePath": "template2/drawables/asset___7_.xml",
          "isBold": false,
          "isGradient": false,
          "isHide": false,
          "isItalic": false,
          "isLocked": true,
          "isSelected": false,
          "isShadow": false,
          "isUnderline": false,
          "keepAspectRatio": false,
          "layerType": "Image",
          "positionXinPercentage": 0.59699994,
          "positionYinPercentage": 0.798,
          "rotate": 0,
          "shadowColor": "#000000",
          "tag": "",
          "textColor": "#000000",
          "textFontPath": "",
          "textGravity": "CENTER",
          "textSize": 9,
          "textString": "This is some text. This is some text.",
          "textStroke": "FILL",
          "tintDrawableColor": "0",
          "widthInPercentage": 0.361
        },
        {
          "alpha": 255,
          "flipX": false,
          "flipY": false,
          "gradientColors": [
            "#FFFFFF",
            "#000000"
          ],
          "groupIcons": [],
          "heightInPercentage": 0.075,
          "imgDrawablePath": "template2/drawables/asset___17_.xml",
          "isBold": false,
          "isGradient": false,
          "isHide": false,
          "isItalic": false,
          "isLocked": true,
          "isSelected": false,
          "isShadow": false,
          "isUnderline": false,
          "keepAspectRatio": false,
          "layerType": "Image",
          "positionXinPercentage": 0.91499996,
          "positionYinPercentage": 0.69292235,
          "rotate": 0,
          "shadowColor": "#000000",
          "tag": "",
          "textColor": "#000000",
          "textFontPath": "",
          "textGravity": "CENTER",
          "textSize": 9,
          "textString": "This is some text. This is some text.",
          "textStroke": "FILL",
          "tintDrawableColor": "0",
          "widthInPercentage": 0.04
        },
        {
          "alpha": 255,
          "flipX": false,
          "flipY": false,
          "gradientColors": [
            "#FFFFFF",
            "#000000"
          ],
          "groupIcons": [],
          "heightInPercentage": 0.075,
          "imgDrawablePath": "template2/drawables/asset___16_.xml",
          "isBold": false,
          "isGradient": false,
          "isHide": false,
          "isItalic": false,
          "isLocked": true,
          "isSelected": false,
          "isShadow": false,
          "isUnderline": false,
          "keepAspectRatio": false,
          "layerType": "Image",
          "positionXinPercentage": 0.91499996,
          "positionYinPercentage": 0.5456621,
          "rotate": 0,
          "shadowColor": "#000000",
          "tag": "",
          "textColor": "#000000",
          "textFontPath": "",
          "textGravity": "CENTER",
          "textSize": 9,
          "textString": "This is some text. This is some text.",
          "textStroke": "FILL",
          "tintDrawableColor": "0",
          "widthInPercentage": 0.04
        },
        {
          "alpha": 255,
          "flipX": false,
          "flipY": false,
          "gradientColors": [
            "#FFFFFF",
            "#000000"
          ],
          "groupIcons": [],
          "heightInPercentage": 0.057142857,
          "imgDrawablePath": "",
          "isBold": false,
          "isGradient": false,
          "isHide": false,
          "isItalic": false,
          "isLocked": false,
          "isSelected": false,
          "isShadow": false,
          "isUnderline": false,
          "keepAspectRatio": false,
          "layerType": "TextView",
          "positionXinPercentage": 0.59699994,
          "positionYinPercentage": 0.675,
          "rotate": 0,
          "shadowColor": "#000000",
          "tag": "email",
          "textColor": "#FF000000",
          "textFontPath": "template2/fonts/Poppins-Regular.ttf",
          "textGravity": "END",
          "textSize": 4,
          "textString": "www.devsky@gmail.com",
          "textStroke": "FILL",
          "tintDrawableColor": "0",
          "widthInPercentage": 0.3
        },
        {
          "alpha": 255,
          "flipX": false,
          "flipY": false,
          "gradientColors": [
            "#FFFFFF",
            "#000000"
          ],
          "groupIcons": [],
          "heightInPercentage": 0.114285715,
          "imgDrawablePath": "",
          "isBold": false,
          "isGradient": false,
          "isHide": false,
          "isItalic": false,
          "isLocked": false,
          "isSelected": false,
          "isShadow": false,
          "isUnderline": false,
          "keepAspectRatio": false,
          "layerType": "TextView",
          "positionXinPercentage": 0.59699994,
          "positionYinPercentage": 0.81289244,
          "rotate": 0,
          "shadowColor": "#000000",
          "tag": "address",
          "textColor": "#FF000000",
          "textFontPath": "template2/fonts/Poppins-Regular.ttf",
          "textGravity": "END",
          "textSize": 4,
          "textString": "Morgah mor\nNear Ayoub Park",
          "textStroke": "FILL",
          "tintDrawableColor": "0",
          "widthInPercentage": 0.3
        }
      ]
    }
  ]
}