{
  "cardBackgroundColor": "#112439",
  "itemId": "",
  "mainItemList": [
    {
      "alpha": 255,
      "flipX": false,
      "flipY": false,
      "groupIcons": [],
      "heightInPercentage": 1.0,
      "imgDrawablePath": "template2/drawables/layer_1.xml",
      "isBold": false,
      "isHide": false,
      "isItalic": false,
      "isLocked": true,
      "isSelected": false,
      "isShadow": false,
      "isUnderline": false,
      "keepAspectRatio": false,
      "layerType": "Image",
      "positionXinPercentage": 0.040674604,
      "positionYinPercentage": 0.0,
      "shadowColor": "#000000",
      "textColor": "#000000",
      "textFontPath": "",
      "textSize": 9,
      "textString": "This is some text. This is some text.",
      "tintDrawableColor": "0",
      "widthInPercentage": 0.9593254
    },
    {
      "alpha": 255,
      "flipX": false,
      "flipY": false,
      "groupIcons": [],
      "heightInPercentage": 0.05,
      "imgDrawablePath": "",
      "isBold": false,
      "isHide": false,
      "isItalic": false,
      "isLocked": true,
      "isSelected": false,
      "isShadow": false,
      "isUnderline": false,
      "keepAspectRatio": false,
      "layerType": "TextView",
      "positionXinPercentage": 0.18055555,
      "positionYinPercentage": 0.6160714,
      "shadowColor": "#FFFFFF",
      "textColor": "#FFD86E",
      "textFontPath": "template2/fonts/bahnschrift.ttf",
      "textSize": 5,
      "textString": "TAGLINE SPACE",
      "tintDrawableColor": "#000000",
      "widthInPercentage": 0.21572837
    },
    {
      "alpha": 255,
      "flipX": false,
      "flipY": false,
      "groupIcons": [],
      "heightInPercentage": 0.094642855,
      "imgDrawablePath": "",
      "isBold": false,
      "isHide": false,
      "isItalic": false,
      "isLocked": true,
      "isSelected": false,
      "isShadow": false,
      "isUnderline": false,
      "keepAspectRatio": false,
      "layerType": "TextView",
      "positionXinPercentage": 0.12044223,
      "positionYinPercentage": 0.5,
      "shadowColor": "#FFFFFF",
      "textColor": "#FFD86E",
      "textFontPath": "template2/fonts/bebas.ttf",
      "textSize": 10,
      "textString": "BRAND NAME",
      "tintDrawableColor": "#000000",
      "widthInPercentage": 0.32738096
    },
    {
      "alpha": 255,
      "flipX": false,
      "flipY": false,
      "groupIcons": [],
      "heightInPercentage": 0.23892193,
      "imgDrawablePath": "template2/drawables/logo.xml",
      "isBold": false,
      "isHide": false,
      "isItalic": false,
      "isLocked": true,
      "isSelected": false,
      "isShadow": false,
      "isUnderline": false,
      "keepAspectRatio": true,
      "layerType": "Image",
      "positionXinPercentage": 0.1984127,
      "positionYinPercentage": 0.22678573,
      "shadowColor": "#000000",
      "textColor": "#000000",
      "textFontPath": "",
      "textSize": 9,
      "textString": "This is some text. This is some text.",
      "tintDrawableColor": "0",
      "widthInPercentage": 0.14335318
    }
  ]
}