{
  "cardBackgroundColor": "#2E3442",
  "itemId": "",
  "mainItemList": [
    {
      "alpha": 255,
      "flipX": false,
      "flipY": false,
      "groupIcons": [],
      "heightInPercentage": 0.14107142,
      "imgDrawablePath": "template1/drawables/artboard_21.xml",
      "isBold": false,
      "isHide": false,
      "isItalic": false,
      "isLocked": true,
      "isSelected": false,
      "isShadow": false,
      "isUnderline": false,
      "keepAspectRatio": false,
      "layerType": "Image",
      "positionXinPercentage": 0.43702388,
      "positionYinPercentage": 0.82857144,
      "shadowColor": "#000000",
      "textColor": "#000000",
      "textFontPath": "",
      "textSize": 9,
      "textString": "This is some text. This is some text.",
      "tintDrawableColor": "0",
      "widthInPercentage": 0.3809524
    },
    {
      "alpha": 255,
      "flipX": false,
      "flipY": false,
      "groupIcons": [],
      "heightInPercentage": 0.14107142,
      "imgDrawablePath": "template1/drawables/artboard_21.xml",
      "isBold": false,
      "isHide": false,
      "isItalic": false,
      "isLocked": true,
      "isSelected": false,
      "isShadow": false,
      "isUnderline": false,
      "keepAspectRatio": false,
      "layerType": "Image",
      "positionXinPercentage": 0.41420642,
      "positionYinPercentage": 0.48035714,
      "shadowColor": "#000000",
      "textColor": "#000000",
      "textFontPath": "",
      "textSize": 9,
      "textString": "This is some text. This is some text.",
      "tintDrawableColor": "0",
      "widthInPercentage": 0.3809524
    },
    {
      "alpha": 255,
      "flipX": false,
      "flipY": false,
      "groupIcons": [],
      "heightInPercentage": 0.6005296,
      "imgDrawablePath": "template1/drawables/artboard_16.xml",
      "isBold": false,
      "isHide": false,
      "isItalic": false,
      "isLocked": true,
      "isSelected": false,
      "isShadow": false,
      "isUnderline": false,
      "keepAspectRatio": true,
      "layerType": "Image",
      "positionXinPercentage": 0.14578006,
      "positionYinPercentage": 0.0,
      "shadowColor": "#FFFFFF",
      "textColor": "#000000",
      "textFontPath": "",
      "textSize": 9,
      "textString": "This is some text. This is some text.",
      "tintDrawableColor": "#FFFFFF",
      "widthInPercentage": 0.38300106
    },
    {
      "alpha": 255,
      "flipX": false,
      "flipY": false,
      "groupIcons": [],
      "heightInPercentage": 0.14107142,
      "imgDrawablePath": "template1/drawables/artboard_21.xml",
      "isBold": false,
      "isHide": false,
      "isItalic": false,
      "isLocked": true,
      "isSelected": false,
      "isShadow": false,
      "isUnderline": false,
      "keepAspectRatio": false,
      "layerType": "Image",
      "positionXinPercentage": 0.42908737,
      "positionYinPercentage": 0.652857,
      "shadowColor": "#000000",
      "textColor": "#000000",
      "textFontPath": "",
      "textSize": 9,
      "textString": "This is some text. This is some text.",
      "tintDrawableColor": "0",
      "widthInPercentage": 0.3809524
    },
    {
      "alpha": 255,
      "flipX": false,
      "flipY": false,
      "groupIcons": [],
      "heightInPercentage": 0.76160717,
      "imgDrawablePath": "template1/drawables/artboard_11.xml",
      "isBold": false,
      "isHide": false,
      "isItalic": false,
      "isLocked": true,
      "isSelected": false,
      "isShadow": true,
      "isUnderline": false,
      "keepAspectRatio": false,
      "layerType": "Image",
      "positionXinPercentage": 0.23824428,
      "positionYinPercentage": 0.23839286,
      "shadowColor": "#000000",
      "textColor": "#000000",
      "textFontPath": "",
      "textSize": 9,
      "textString": "This is some text. This is some text.",
      "tintDrawableColor": "#E31E28",
      "widthInPercentage": 0.33715254
    },
    {
      "alpha": 255,
      "flipX": false,
      "flipY": false,
      "groupIcons": [],
      "heightInPercentage": 1.0,
      "imgDrawablePath": "template1/drawables/artboard_10.xml",
      "isBold": false,
      "isHide": false,
      "isItalic": false,
      "isLocked": true,
      "isSelected": false,
      "isShadow": true,
      "isUnderline": false,
      "keepAspectRatio": false,
      "layerType": "Image",
      "positionXinPercentage": 0.0,
      "positionYinPercentage": 0.0,
      "shadowColor": "#000000",
      "textColor": "#000000",
      "textFontPath": "",
      "textSize": 9,
      "textString": "This is some text. This is some text.",
      "tintDrawableColor": "#FFFFFF",
      "widthInPercentage": 0.4732143
    },
    {
      "alpha": 255,
      "flipX": false,
      "flipY": false,
      "groupIcons": [],
      "heightInPercentage": 0.046428572,
      "imgDrawablePath": "",
      "isBold": false,
      "isHide": false,
      "isItalic": false,
      "isLocked": true,
      "isSelected": false,
      "isShadow": true,
      "isUnderline": false,
      "keepAspectRatio": false,
      "layerType": "TextView",
      "positionXinPercentage": 0.061507937,
      "positionYinPercentage": 0.75535715,
      "shadowColor": "#FFFFFF",
      "textColor": "#000000",
      "textFontPath": "",
      "textSize": 4,
      "textString": "YOUR SLOGAN HERE",
      "tintDrawableColor": "#000000",
      "widthInPercentage": 0.3
    },
    {
      "alpha": 255,
      "flipX": false,
      "flipY": false,
      "groupIcons": [],
      "heightInPercentage": 0.08571429,
      "imgDrawablePath": "",
      "isBold": false,
      "isHide": false,
      "isItalic": false,
      "isLocked": true,
      "isSelected": false,
      "isShadow": true,
      "isUnderline": false,
      "keepAspectRatio": false,
      "layerType": "TextView",
      "positionXinPercentage": 0.020833334,
      "positionYinPercentage": 0.6625,
      "shadowColor": "#FFFFFF",
      "textColor": "#E31E28",
      "textFontPath": "template1/fonts/montserrat_bold.ttf",
      "textSize": 7,
      "textString": "BRAND NAME",
      "tintDrawableColor": "#000000",
      "widthInPercentage": 0.38194445
    },
    {
      "alpha": 255,
      "flipX": false,
      "flipY": false,
      "groupIcons": [],
      "heightInPercentage": 0.30535713,
      "imgDrawablePath": "template1/drawables/logo.xml",
      "isBold": false,
      "isHide": false,
      "isItalic": false,
      "isLocked": true,
      "isSelected": false,
      "isShadow": false,
      "isUnderline": false,
      "keepAspectRatio": false,
      "layerType": "Image",
      "positionXinPercentage": 0.058959294,
      "positionYinPercentage": 0.37142858,
      "shadowColor": "#FFFFFF",
      "textColor": "#000000",
      "textFontPath": "",
      "textSize": 9,
      "textString": "This is some text. This is some text.",
      "tintDrawableColor": "0",
      "widthInPercentage": 0.22519842
    },
    {
      "alpha": 255,
      "flipX": false,
      "flipY": false,
      "groupIcons": [],
      "heightInPercentage": 0.11071429,
      "imgDrawablePath": "",
      "isBold": false,
      "isHide": false,
      "isItalic": false,
      "isLocked": true,
      "isSelected": false,
      "isShadow": false,
      "isUnderline": false,
      "keepAspectRatio": false,
      "layerType": "TextView",
      "positionXinPercentage": 0.794246,
      "positionYinPercentage": 0.18482143,
      "shadowColor": "#FFFFFF",
      "textColor": "#FFFFFF",
      "textFontPath": "template1/fonts/montserrat_bold.ttf",
      "textSize": 9,
      "textString": "NAME",
      "tintDrawableColor": "#000000",
      "widthInPercentage": 0.17555007
    },
    {
      "alpha": 255,
      "flipX": false,
      "flipY": false,
      "groupIcons": [],
      "heightInPercentage": 0.11071429,
      "imgDrawablePath": "",
      "isBold": false,
      "isHide": false,
      "isItalic": false,
      "isLocked": true,
      "isSelected": false,
      "isShadow": false,
      "isUnderline": false,
      "keepAspectRatio": false,
      "layerType": "TextView",
      "positionXinPercentage": 0.6339286,
      "positionYinPercentage": 0.18392856,
      "shadowColor": "#FFFFFF",
      "textColor": "#e31e28",
      "textFontPath": "template1/fonts/montserrat_bold.ttf",
      "textSize": 9,
      "textString": "YOUR",
      "tintDrawableColor": "#000000",
      "widthInPercentage": 0.1607428
    },
    {
      "alpha": 255,
      "flipX": false,
      "flipY": false,
      "groupIcons": [],
      "heightInPercentage": 0.14107142,
      "imgDrawablePath": "template1/drawables/artboard_8.xml",
      "isBold": false,
      "isHide": false,
      "isItalic": false,
      "isLocked": true,
      "isSelected": false,
      "isShadow": false,
      "isUnderline": false,
      "keepAspectRatio": false,
      "layerType": "Image",
      "positionXinPercentage": 0.8730159,
      "positionYinPercentage": 0.48035714,
      "shadowColor": "#000000",
      "textColor": "#000000",
      "textFontPath": "",
      "textSize": 9,
      "textString": "This is some text. This is some text.",
      "tintDrawableColor": "#FFFFFF",
      "widthInPercentage": 0.12698412
    },
    {
      "alpha": 255,
      "flipX": false,
      "flipY": false,
      "groupIcons": [],
      "heightInPercentage": 0.14107142,
      "imgDrawablePath": "template1/drawables/artboard_8.xml",
      "isBold": false,
      "isHide": false,
      "isItalic": false,
      "isLocked": true,
      "isSelected": false,
      "isShadow": false,
      "isUnderline": false,
      "keepAspectRatio": false,
      "layerType": "Image",
      "positionXinPercentage": 0.8730159,
      "positionYinPercentage": 0.82857144,
      "shadowColor": "#000000",
      "textColor": "#000000",
      "textFontPath": "",
      "textSize": 9,
      "textString": "This is some text. This is some text.",
      "tintDrawableColor": "#FFFFFF",
      "widthInPercentage": 0.12698412
    },
    {
      "alpha": 255,
      "flipX": false,
      "flipY": false,
      "groupIcons": [],
      "heightInPercentage": 0.14107142,
      "imgDrawablePath": "template1/drawables/artboard_8.xml",
      "isBold": false,
      "isHide": false,
      "isItalic": false,
      "isLocked": true,
      "isSelected": false,
      "isShadow": false,
      "isUnderline": false,
      "keepAspectRatio": false,
      "layerType": "Image",
      "positionXinPercentage": 0.8730159,
      "positionYinPercentage": 0.65178573,
      "shadowColor": "#000000",
      "textColor": "#000000",
      "textFontPath": "",
      "textSize": 9,
      "textString": "This is some text. This is some text.",
      "tintDrawableColor": "0",
      "widthInPercentage": 0.12698412
    },
    {
      "alpha": 255,
      "flipX": true,
      "flipY": true,
      "groupIcons": [],
      "heightInPercentage": 0.14107142,
      "imgDrawablePath": "template1/drawables/artboard_8.xml",
      "isBold": false,
      "isHide": false,
      "isItalic": false,
      "isLocked": true,
      "isSelected": false,
      "isShadow": false,
      "isUnderline": false,
      "keepAspectRatio": false,
      "layerType": "Image",
      "positionXinPercentage": 0.7867063,
      "positionYinPercentage": 0.48214287,
      "shadowColor": "#000000",
      "textColor": "#000000",
      "textFontPath": "",
      "textSize": 9,
      "textString": "This is some text. This is some text.",
      "tintDrawableColor": "#E31E28",
      "widthInPercentage": 0.12698412
    },
    {
      "alpha": 255,
      "flipX": true,
      "flipY": true,
      "groupIcons": [],
      "heightInPercentage": 0.14107142,
      "imgDrawablePath": "template1/drawables/artboard_8.xml",
      "isBold": false,
      "isHide": false,
      "isItalic": false,
      "isLocked": true,
      "isSelected": false,
      "isShadow": false,
      "isUnderline": false,
      "keepAspectRatio": false,
      "layerType": "Image",
      "positionXinPercentage": 0.78571427,
      "positionYinPercentage": 0.6553571,
      "shadowColor": "#000000",
      "textColor": "#000000",
      "textFontPath": "",
      "textSize": 9,
      "textString": "This is some text. This is some text.",
      "tintDrawableColor": "#E31E28",
      "widthInPercentage": 0.12698412
    },
    {
      "alpha": 255,
      "flipX": true,
      "flipY": true,
      "groupIcons": [],
      "heightInPercentage": 0.14107142,
      "imgDrawablePath": "template1/drawables/artboard_8.xml",
      "isBold": false,
      "isHide": false,
      "isItalic": false,
      "isLocked": true,
      "isSelected": false,
      "isShadow": false,
      "isUnderline": false,
      "keepAspectRatio": false,
      "layerType": "Image",
      "positionXinPercentage": 0.7867063,
      "positionYinPercentage": 0.83035713,
      "shadowColor": "#000000",
      "textColor": "#000000",
      "textFontPath": "",
      "textSize": 9,
      "textString": "This is some text. This is some text.",
      "tintDrawableColor": "#E31E28",
      "widthInPercentage": 0.12698412
    },
    {
      "alpha": 255,
      "flipX": false,
      "flipY": false,
      "groupIcons": [],
      "heightInPercentage": 0.09011244,
      "imgDrawablePath": "template1/drawables/artboard_19.xml",
      "isBold": false,
      "isHide": false,
      "isItalic": false,
      "isLocked": true,
      "isSelected": false,
      "isShadow": false,
      "isUnderline": false,
      "keepAspectRatio": true,
      "layerType": "Image",
      "positionXinPercentage": 0.92410713,
      "positionYinPercentage": 0.84821427,
      "shadowColor": "#000000",
      "textColor": "#000000",
      "textFontPath": "",
      "textSize": 9,
      "textString": "This is some text. This is some text.",
      "tintDrawableColor": "0",
      "widthInPercentage": 0.05406746
    },
    {
      "alpha": 255,
      "flipX": false,
      "flipY": false,
      "groupIcons": [],
      "heightInPercentage": 0.115621805,
      "imgDrawablePath": "template1/drawables/artboard_18.xml",
      "isBold": false,
      "isHide": false,
      "isItalic": false,
      "isLocked": true,
      "isSelected": false,
      "isShadow": false,
      "isUnderline": false,
      "keepAspectRatio": true,
      "layerType": "Image",
      "positionXinPercentage": 0.9236111,
      "positionYinPercentage": 0.6589286,
      "shadowColor": "#000000",
      "textColor": "#000000",
      "textFontPath": "",
      "textSize": 9,
      "textString": "This is some text. This is some text.",
      "tintDrawableColor": "0",
      "widthInPercentage": 0.05952381
    },
    {
      "alpha": 255,
      "flipX": false,
      "flipY": false,
      "groupIcons": [],
      "heightInPercentage": 0.10995372,
      "imgDrawablePath": "template1/drawables/artboard_17.xml",
      "isBold": false,
      "isHide": false,
      "isItalic": false,
      "isLocked": true,
      "isSelected": false,
      "isShadow": false,
      "isUnderline": false,
      "keepAspectRatio": true,
      "layerType": "Image",
      "positionXinPercentage": 0.922123,
      "positionYinPercentage": 0.48660713,
      "shadowColor": "#000000",
      "textColor": "#000000",
      "textFontPath": "",
      "textSize": 9,
      "textString": "This is some text. This is some text.",
      "tintDrawableColor": "0",
      "widthInPercentage": 0.065972224
    },
    {
      "alpha": 255,
      "flipX": false,
      "flipY": false,
      "groupIcons": [],
      "heightInPercentage": 0.11785714,
      "imgDrawablePath": "",
      "isBold": true,
      "isHide": false,
      "isItalic": false,
      "isLocked": true,
      "isSelected": false,
      "isShadow": false,
      "isUnderline": false,
      "keepAspectRatio": false,
      "layerType": "TextView",
      "positionXinPercentage": 0.6106151,
      "positionYinPercentage": 0.49285713,
      "shadowColor": "#FFFFFF",
      "textColor": "#FFFFFF",
      "textFontPath": "/data/user/0/devsky.bussiness.cardmaker/files/cards/template1/fonts/montserrat_bold.ttf",
      "textSize": 5,
      "textString": "+92303 1234567\n+92301 1234567",
      "tintDrawableColor": "#000000",
      "widthInPercentage": 0.26339287
    },
    {
      "alpha": 255,
      "flipX": false,
      "flipY": false,
      "groupIcons": [],
      "heightInPercentage": 0.11785714,
      "imgDrawablePath": "",
      "isBold": true,
      "isHide": false,
      "isItalic": false,
      "isLocked": true,
      "isSelected": false,
      "isShadow": false,
      "isUnderline": false,
      "keepAspectRatio": false,
      "layerType": "TextView",
      "positionXinPercentage": 0.6180556,
      "positionYinPercentage": 0.66556376,
      "shadowColor": "#FFFFFF",
      "textColor": "#FFFFFF",
      "textFontPath": "",
      "textSize": 5,
      "textString": "Mail address here\nweb address here",
      "tintDrawableColor": "#000000",
      "widthInPercentage": 0.3
    },
    {
      "alpha": 255,
      "flipX": false,
      "flipY": false,
      "groupIcons": [],
      "heightInPercentage": 0.11785714,
      "imgDrawablePath": "",
      "isBold": true,
      "isHide": false,
      "isItalic": false,
      "isLocked": true,
      "isSelected": false,
      "isShadow": false,
      "isUnderline": false,
      "keepAspectRatio": false,
      "layerType": "TextView",
      "positionXinPercentage": 0.6230159,
      "positionYinPercentage": 0.8357143,
      "shadowColor": "#FFFFFF",
      "textColor": "#FFFFFF",
      "textFontPath": "",
      "textSize": 5,
      "textString": "Your street address\nHere123",
      "tintDrawableColor": "#000000",
      "widthInPercentage": 0.3
    },
    {
      "alpha": 255,
      "flipX": false,
      "flipY": false,
      "groupIcons": [],
      "heightInPercentage": 0.05892857,
      "imgDrawablePath": "",
      "isBold": false,
      "isHide": false,
      "isItalic": false,
      "isLocked": false,
      "isSelected": false,
      "isShadow": false,
      "isUnderline": false,
      "keepAspectRatio": false,
      "layerType": "TextView",
      "positionXinPercentage": 0.73214287,
      "positionYinPercentage": 0.28035715,
      "shadowColor": "#FFFFFF",
      "textColor": "#E31E28",
      "textFontPath": "",
      "textSize": 5,
      "textString": "GRAPHIC DESIGN ",
      "tintDrawableColor": "#000000",
      "widthInPercentage": 0.2470238
    }
  ]
}