{
  "cardBackgroundColor": "#2E3442",
  "itemId": "",
  "mainItemList": [
    {
      "alpha": 255,
      "flipX": false,
      "flipY": false,
      "heightInPercentage": 0.6005296,
      "imgDrawablePath": "template1/drawables/artboard_16.xml",
      "isBold": false,
      "isHide": false,
      "isItalic": false,
      "isLocked": false,
      "isSelected": false,
      "isShadow": false,
      "isUnderline": false,
      "keepAspectRatio": true,
      "layerType": "Image",
      "positionXinPercentage": 0.14130451,
      "positionYinPercentage": 0.0,
      "shadowColor": "#FFFFFF",
      "textColor": "#000000",
      "textFontPath": "",
      "textSize": 9,
      "textString": "This is some text. This is some text.",
      "tintDrawableColor": "#FFFFFF",
      "widthInPercentage": 0.38300106
    },
    {
      "alpha": 255,
      "flipX": false,
      "flipY": false,
      "heightInPercentage": 0.76160717,
      "imgDrawablePath": "template1/drawables/artboard_11.xml",
      "isBold": false,
      "isHide": false,
      "isItalic": false,
      "isLocked": false,
      "isSelected": false,
      "isShadow": true,
      "isUnderline": false,
      "keepAspectRatio": false,
      "layerType": "Image",
      "positionXinPercentage": 0.23030777,
      "positionYinPercentage": 0.23839286,
      "shadowColor": "#FFFFFF",
      "textColor": "#000000",
      "textFontPath": "",
      "textSize": 9,
      "textString": "This is some text. This is some text.",
      "tintDrawableColor": "#E31E28",
      "widthInPercentage": 0.33715254
    },
    {
      "alpha": 255,
      "flipX": false,
      "flipY": false,
      "heightInPercentage": 1.0,
      "imgDrawablePath": "template1/drawables/artboard_10.xml",
      "isBold": false,
      "isHide": false,
      "isItalic": false,
      "isLocked": false,
      "isSelected": false,
      "isShadow": true,
      "isUnderline": false,
      "keepAspectRatio": false,
      "layerType": "Image",
      "positionXinPercentage": 0.0,
      "positionYinPercentage": 0.0,
      "shadowColor": "#FFFFFF",
      "textColor": "#000000",
      "textFontPath": "",
      "textSize": 9,
      "textString": "This is some text. This is some text.",
      "tintDrawableColor": "#FFFFFF",
      "widthInPercentage": 0.4732143
    },
    {
      "alpha": 255,
      "flipX": false,
      "flipY": false,
      "heightInPercentage": 0.046428572,
      "imgDrawablePath": "",
      "isBold": false,
      "isHide": false,
      "isItalic": false,
      "isLocked": false,
      "isSelected": false,
      "isShadow": true,
      "isUnderline": false,
      "keepAspectRatio": false,
      "layerType": "TextView",
      "positionXinPercentage": 0.061507937,
      "positionYinPercentage": 0.75535715,
      "shadowColor": "#FFFFFF",
      "textColor": "#000000",
      "textFontPath": "",
      "textSize": 4,
      "textString": "YOUR SLOGAN HERE",
      "tintDrawableColor": "#000000",
      "widthInPercentage": 0.3
    },
    {
      "alpha": 255,
      "flipX": false,
      "flipY": false,
      "heightInPercentage": 0.08571429,
      "imgDrawablePath": "",
      "isBold": false,
      "isHide": false,
      "isItalic": false,
      "isLocked": false,
      "isSelected": false,
      "isShadow": true,
      "isUnderline": false,
      "keepAspectRatio": false,
      "layerType": "TextView",
      "positionXinPercentage": 0.020833334,
      "positionYinPercentage": 0.6625,
      "shadowColor": "#FFFFFF",
      "textColor": "#E31E28",
      "textFontPath": "template1/fonts/montserrat_bold.ttf",
      "textSize": 7,
      "textString": "BRAND NAME",
      "tintDrawableColor": "#000000",
      "widthInPercentage": 0.38194445
    },
    {
      "alpha": 255,
      "flipX": false,
      "flipY": false,
      "heightInPercentage": 0.3439154,
      "imgDrawablePath": "template1/drawables/logo.xml",
      "isBold": false,
      "isHide": false,
      "isItalic": false,
      "isLocked": false,
      "isSelected": false,
      "isShadow": false,
      "isUnderline": false,
      "keepAspectRatio": true,
      "layerType": "Image",
      "positionXinPercentage": 0.052579366,
      "positionYinPercentage": 0.3125,
      "shadowColor": "#FFFFFF",
      "textColor": "#000000",
      "textFontPath": "",
      "textSize": 9,
      "textString": "This is some text. This is some text.",
      "tintDrawableColor": "0",
      "widthInPercentage": 0.20634921
    },
    {
      "alpha": 255,
      "flipX": false,
      "flipY": false,
      "heightInPercentage": 0.11071429,
      "imgDrawablePath": "",
      "isBold": false,
      "isHide": false,
      "isItalic": false,
      "isLocked": false,
      "isSelected": false,
      "isShadow": false,
      "isUnderline": false,
      "keepAspectRatio": false,
      "layerType": "TextView",
      "positionXinPercentage": 0.794246,
      "positionYinPercentage": 0.18482143,
      "shadowColor": "#FFFFFF",
      "textColor": "#FFFFFF",
      "textFontPath": "template1/fonts/montserrat_bold.ttf",
      "textSize": 9,
      "textString": "NAME",
      "tintDrawableColor": "#000000",
      "widthInPercentage": 0.17555007
    },
    {
      "alpha": 255,
      "flipX": false,
      "flipY": false,
      "heightInPercentage": 0.110714229,
      "imgDrawablePath": "",
      "isBold": false,
      "isHide": false,
      "isItalic": false,
      "isLocked": false,
      "isSelected": false,
      "isShadow": false,
      "isUnderline": false,
      "keepAspectRatio": false,
      "layerType": "TextView",
      "positionXinPercentage": 0.6339286,
      "positionYinPercentage": 0.18392856,
      "shadowColor": "#FFFFFF",
      "textColor": "#e31e28",
      "textFontPath": "template1/fonts/montserrat_bold.ttf",
      "textSize": 9,
      "textString": "YOUR",
      "tintDrawableColor": "#000000",
      "widthInPercentage": 0.1607428
    }
  ]
}


/*{
"cardBackgroundColor": "#2E3442",
"itemId": "",
"mainItemList": [
{
  "alpha": 255,
  "flipX": false,
  "flipY": false,
  "heightInPercentage": 0.6005296,
  "imgDrawablePath": "template1/drawables/artboard_16.xml",
  "isBold": false,
  "isHide": false,
  "isItalic": false,
  "isLocked": false,
  "isSelected": false,
  "isShadow": false,
  "isUnderline": false,
  "keepAspectRatio": true,
  "layerType": "Image",
  "positionXinPercentage": 0.14130451,
  "positionYinPercentage": 0.0,
  "shadowColor": "#FFFFFF",
  "textColor": "#000000",
  "textFontPath": "",
  "textSize": 9,
  "textString": "This is some text. This is some text.",
  "tintDrawableColor": "#FFFFFF",
  "widthInPercentage": 0.38300106
},
{
  "alpha": 255,
  "flipX": false,
  "flipY": false,
  "heightInPercentage": 0.76160717,
  "imgDrawablePath": "template1/drawables/artboard_11.xml",
  "isBold": false,
  "isHide": false,
  "isItalic": false,
  "isLocked": false,
  "isSelected": false,
  "isShadow": true,
  "isUnderline": false,
  "keepAspectRatio": false,
  "layerType": "Image",
  "positionXinPercentage": 0.25510937,
  "positionYinPercentage": 0.23839286,
  "shadowColor": "#FFFFFF",
  "textColor": "#000000",
  "textFontPath": "",
  "textSize": 9,
  "textString": "This is some text. This is some text.",
  "tintDrawableColor": "#E31E28",
  "widthInPercentage": 0.33715254
},
{
  "alpha": 255,
  "flipX": false,
  "flipY": false,
  "heightInPercentage": 1.0,
  "imgDrawablePath": "template1/drawables/artboard_10.xml",
  "isBold": false,
  "isHide": false,
  "isItalic": false,
  "isLocked": false,
  "isSelected": false,
  "isShadow": true,
  "isUnderline": false,
  "keepAspectRatio": false,
  "layerType": "Image",
  "positionXinPercentage": 0.0,
  "positionYinPercentage": 0.0,
  "shadowColor": "#FFFFFF",
  "textColor": "#000000",
  "textFontPath": "",
  "textSize": 9,
  "textString": "This is some text. This is some text.",
  "tintDrawableColor": "#FFFFFF",
  "widthInPercentage": 0.4732143
},
{
  "alpha": 255,
  "flipX": false,
  "flipY": false,
  "heightInPercentage": 0.046428572,
  "imgDrawablePath": "",
  "isBold": false,
  "isHide": false,
  "isItalic": false,
  "isLocked": false,
  "isSelected": false,
  "isShadow": true,
  "isUnderline": false,
  "keepAspectRatio": false,
  "layerType": "TextView",
  "positionXinPercentage": 0.061507937,
  "positionYinPercentage": 0.75535715,
  "shadowColor": "#FFFFFF",
  "textColor": "#000000",
  "textFontPath": "",
  "textSize": 4,
  "textString": "YOUR SLOGAN HERE",
  "tintDrawableColor": "#000000",
  "widthInPercentage": 0.3
},
{
  "alpha": 255,
  "flipX": false,
  "flipY": false,
  "heightInPercentage": 0.08571429,
  "imgDrawablePath": "",
  "isBold": false,
  "isHide": false,
  "isItalic": false,
  "isLocked": false,
  "isSelected": false,
  "isShadow": true,
  "isUnderline": false,
  "keepAspectRatio": false,
  "layerType": "TextView",
  "positionXinPercentage": 0.020833334,
  "positionYinPercentage": 0.6625,
  "shadowColor": "#FFFFFF",
  "textColor": "#E31E28",
  "textFontPath": "template1/fonts/montserrat_bold.ttf",
  "textSize": 7,
  "textString": "BRAND NAME",
  "tintDrawableColor": "#000000",
  "widthInPercentage": 0.38194445
},
{
  "alpha": 255,
  "flipX": false,
  "flipY": false,
  "heightInPercentage": 0.3439154,
  "imgDrawablePath": "template1/drawables/logo.xml",
  "isBold": false,
  "isHide": false,
  "isItalic": false,
  "isLocked": false,
  "isSelected": false,
  "isShadow": false,
  "isUnderline": false,
  "keepAspectRatio": true,
  "layerType": "Image",
  "positionXinPercentage": 0.052579366,
  "positionYinPercentage": 0.3125,
  "shadowColor": "#FFFFFF",
  "textColor": "#000000",
  "textFontPath": "",
  "textSize": 9,
  "textString": "This is some text. This is some text.",
  "tintDrawableColor": "0",
  "widthInPercentage": 0.20634921
}
]
}*/


