{
  "itemId": "",
  "dateAndTime": {
    "date": "2022-03-11",
    "time": "1:30"
  },
  "jsonList": [
    {
      "cardBackgroundColor": "#2e3442",
      "itemId": "",
      "mainItemList": [
        {
          "alpha": 255,
          "flipX": false,
          "flipY": false,
          "gradientColors": [
            "#FFFFFF",
            "#000000"
          ],
          "groupIcons": [],
          "heightInPercentage": 0.7214286,
          "imgDrawablePath": "template1/drawables/artboard_16.xml",
          "isBold": false,
          "isGradient": false,
          "isHide": false,
          "isItalic": false,
          "isLocked": true,
          "isSelected": false,
          "isShadow": false,
          "isUnderline": false,
          "keepAspectRatio": false,
          "layerType": "Image",
          "positionXinPercentage": 0.18986215,
          "positionYinPercentage": 0,
          "rotate": 0,
          "shadowColor": "#000000",
          "tag": "",
          "textColor": "#000000",
          "textFontPath": "",
          "textGravity": "CENTER",
          "textSize": 9,
          "textString": "This is some text. This is some text.",
          "textStroke": "FILL",
          "tintDrawableColor": "0",
          "widthInPercentage": 0.55176306
        },
        {
          "alpha": 255,
          "flipX": false,
          "flipY": false,
          "gradientColors": [
            "#FFFFFF",
            "#000000"
          ],
          "groupIcons": [],
          "heightInPercentage": 0.67078495,
          "imgDrawablePath": "template1/drawables/artboard_11.xml",
          "isBold": false,
          "isGradient": false,
          "isHide": false,
          "isItalic": false,
          "isLocked": true,
          "isSelected": false,
          "isShadow": true,
          "isUnderline": false,
          "keepAspectRatio": false,
          "layerType": "Image",
          "positionXinPercentage": 0.38144842,
          "positionYinPercentage": 0.32921502,
          "rotate": 0,
          "shadowColor": "#000000",
          "tag": "",
          "textColor": "#000000",
          "textFontPath": "",
          "textGravity": "CENTER",
          "textSize": 9,
          "textString": "This is some text. This is some text.",
          "textStroke": "FILL",
          "tintDrawableColor": "0",
          "widthInPercentage": 0.46924603
        },
        {
          "alpha": 255,
          "flipX": false,
          "flipY": false,
          "gradientColors": [
            "#FFFFFF",
            "#000000"
          ],
          "groupIcons": [],
          "heightInPercentage": 1,
          "imgDrawablePath": "template1/drawables/artboard_10.xml",
          "isBold": false,
          "isGradient": false,
          "isHide": false,
          "isItalic": false,
          "isLocked": true,
          "isSelected": false,
          "isShadow": true,
          "isUnderline": false,
          "keepAspectRatio": false,
          "layerType": "Image",
          "positionXinPercentage": 0,
          "positionYinPercentage": 0,
          "rotate": 0,
          "shadowColor": "#000000",
          "tag": "",
          "textColor": "#000000",
          "textFontPath": "",
          "textGravity": "CENTER",
          "textSize": 9,
          "textString": "This is some text. This is some text.",
          "textStroke": "FILL",
          "tintDrawableColor": "0",
          "widthInPercentage": 0.7311508
        },
        {
          "alpha": 255,
          "flipX": false,
          "flipY": false,
          "gradientColors": [
            "#FFFFFF",
            "#000000"
          ],
          "groupIcons": [],
          "heightInPercentage": 0.09642857,
          "imgDrawablePath": "",
          "isBold": false,
          "isGradient": false,
          "isHide": false,
          "isItalic": false,
          "isLocked": false,
          "isSelected": false,
          "isShadow": false,
          "isUnderline": false,
          "keepAspectRatio": false,
          "layerType": "TextView",
          "positionXinPercentage": 0.06349207,
          "positionYinPercentage": 0.5714286,
          "rotate": 0,
          "shadowColor": "#FFFFFF",
          "tag": "company",
          "textColor": "#FFFFFF",
          "textFontPath": "template1/fonts/montserrat_bold.ttf",
          "textGravity": "CENTER",
          "textSize": 8,
          "textString": "DevSky",
          "textStroke": "FILL",
          "tintDrawableColor": "#000000",
          "widthInPercentage": 0.34126985
        },
        {
          "alpha": 255,
          "flipX": false,
          "flipY": false,
          "gradientColors": [
            "#FFFFFF",
            "#000000"
          ],
          "groupIcons": [],
          "heightInPercentage": 0.05,
          "imgDrawablePath": "",
          "isBold": false,
          "isGradient": false,
          "isHide": false,
          "isItalic": false,
          "isLocked": false,
          "isSelected": false,
          "isShadow": false,
          "isUnderline": false,
          "keepAspectRatio": false,
          "layerType": "TextView",
          "positionXinPercentage": 0.10706354,
          "positionYinPercentage": 0.6616239,
          "rotate": 0,
          "shadowColor": "#FFFFFF",
          "tag": "tagline",
          "textColor": "#000000",
          "textFontPath": "template1/fonts/montserrat_semibold.ttf",
          "textGravity": "CENTER",
          "textSize": 4,
          "textString": "We make it happen",
          "textStroke": "FILL",
          "tintDrawableColor": "#000000",
          "widthInPercentage": 0.26148805
        },
        {
          "alpha": 255,
          "flipX": false,
          "flipY": false,
          "gradientColors": [
            "#FFFFFF",
            "#000000"
          ],
          "groupIcons": [],
          "heightInPercentage": 0.3125,
          "imgDrawablePath": "template1/drawables/logo2.xml",
          "isBold": false,
          "isGradient": false,
          "isHide": false,
          "isItalic": false,
          "isLocked": false,
          "isSelected": false,
          "isShadow": false,
          "isUnderline": false,
          "keepAspectRatio": false,
          "layerType": "Image",
          "positionXinPercentage": 0.11904762,
          "positionYinPercentage": 0.26875,
          "rotate": 0,
          "shadowColor": "#FFFFFF",
          "tag": "logo",
          "textColor": "#000000",
          "textFontPath": "",
          "textGravity": "CENTER",
          "textSize": 9,
          "textString": "This is some text. This is some text.",
          "textStroke": "FILL",
          "tintDrawableColor": "0",
          "widthInPercentage": 0.22123016
        },
        {
          "alpha": 255,
          "flipX": false,
          "flipY": false,
          "gradientColors": [
            "#FFFFFF",
            "#000000"
          ],
          "groupIcons": [],
          "heightInPercentage": 0.31556603,
          "imgDrawablePath": "template1/drawables/logo1.xml",
          "isBold": false,
          "isGradient": false,
          "isHide": false,
          "isItalic": false,
          "isLocked": false,
          "isSelected": false,
          "isShadow": false,
          "isUnderline": false,
          "keepAspectRatio": false,
          "layerType": "Image",
          "positionXinPercentage": 0.111072786,
          "positionYinPercentage": 0.2630054,
          "rotate": 0,
          "shadowColor": "#000000",
          "tag": "logo1",
          "textColor": "#000000",
          "textFontPath": "",
          "textGravity": "CENTER",
          "textSize": 9,
          "textString": "This is some text. This is some text.",
          "textStroke": "FILL",
          "tintDrawableColor": "#FFFFFF",
          "widthInPercentage": 0.2371415
        },
        {
          "alpha": 255,
          "flipX": false,
          "flipY": false,
          "gradientColors": [
            "#FFFFFF",
            "#000000"
          ],
          "groupIcons": [],
          "heightInPercentage": 0.09771123,
          "imgDrawablePath": "template1/drawables/artboard_18.xml",
          "isBold": false,
          "isGradient": false,
          "isHide": false,
          "isItalic": false,
          "isLocked": true,
          "isSelected": false,
          "isShadow": false,
          "isUnderline": false,
          "keepAspectRatio": true,
          "layerType": "Image",
          "positionXinPercentage": 0.12450397,
          "positionYinPercentage": 0.87678564,
          "rotate": 0,
          "shadowColor": "#000000",
          "tag": "",
          "textColor": "#000000",
          "textFontPath": "",
          "textGravity": "CENTER",
          "textSize": 9,
          "textString": "This is some text. This is some text.",
          "textStroke": "FILL",
          "tintDrawableColor": "#000000",
          "widthInPercentage": 0.052083332
        },
        {
          "alpha": 255,
          "flipX": false,
          "flipY": false,
          "gradientColors": [
            "#FFFFFF",
            "#000000"
          ],
          "groupIcons": [],
          "heightInPercentage": 0.092857145,
          "imgDrawablePath": "",
          "isBold": false,
          "isGradient": false,
          "isHide": false,
          "isItalic": false,
          "isLocked": false,
          "isSelected": false,
          "isShadow": false,
          "isUnderline": false,
          "keepAspectRatio": false,
          "layerType": "TextView",
          "positionXinPercentage": 0.17921479,
          "positionYinPercentage": 0.9029492,
          "rotate": 0,
          "shadowColor": "#FFFFFF",
          "tag": "website",
          "textColor": "#FFFFFF",
          "textFontPath": "",
          "textGravity": "START",
          "textSize": 4,
          "textString": "www.devsky@gmail.com",
          "textStroke": "FILL",
          "tintDrawableColor": "#000000",
          "widthInPercentage": 0.20585318
        }
      ]
    },
    {
      "cardBackgroundColor": "#2e3442",
      "itemId": "",
      "mainItemList": [
        {
          "alpha": 255,
          "flipX": false,
          "flipY": false,
          "gradientColors": [
            "#FFFFFF",
            "#000000"
          ],
          "groupIcons": [],
          "heightInPercentage": 0.14107142,
          "imgDrawablePath": "template1/drawables/artboard_21.xml",
          "isBold": false,
          "isGradient": false,
          "isHide": false,
          "isItalic": false,
          "isLocked": true,
          "isSelected": false,
          "isShadow": false,
          "isUnderline": false,
          "keepAspectRatio": false,
          "layerType": "Image",
          "positionXinPercentage": 0.43702388,
          "positionYinPercentage": 0.82857144,
          "rotate": 0,
          "shadowColor": "#000000",
          "tag": "",
          "textColor": "#000000",
          "textFontPath": "",
          "textGravity": "CENTER",
          "textSize": 9,
          "textString": "This is some text. This is some text.",
          "textStroke": "FILL",
          "tintDrawableColor": "0",
          "widthInPercentage": 0.3809524
        },
        {
          "alpha": 255,
          "flipX": false,
          "flipY": false,
          "gradientColors": [
            "#FFFFFF",
            "#000000"
          ],
          "groupIcons": [],
          "heightInPercentage": 0.14107142,
          "imgDrawablePath": "template1/drawables/artboard_21.xml",
          "isBold": false,
          "isGradient": false,
          "isHide": false,
          "isItalic": false,
          "isLocked": true,
          "isSelected": false,
          "isShadow": false,
          "isUnderline": false,
          "keepAspectRatio": false,
          "layerType": "Image",
          "positionXinPercentage": 0.41420642,
          "positionYinPercentage": 0.48035714,
          "rotate": 0,
          "shadowColor": "#000000",
          "tag": "",
          "textColor": "#000000",
          "textFontPath": "",
          "textGravity": "CENTER",
          "textSize": 9,
          "textString": "This is some text. This is some text.",
          "textStroke": "FILL",
          "tintDrawableColor": "0",
          "widthInPercentage": 0.3809524
        },
        {
          "alpha": 255,
          "flipX": false,
          "flipY": false,
          "gradientColors": [
            "#FFFFFF",
            "#000000"
          ],
          "groupIcons": [],
          "heightInPercentage": 0.6005296,
          "imgDrawablePath": "template1/drawables/artboard_16.xml",
          "isBold": false,
          "isGradient": false,
          "isHide": false,
          "isItalic": false,
          "isLocked": true,
          "isSelected": false,
          "isShadow": false,
          "isUnderline": false,
          "keepAspectRatio": true,
          "layerType": "Image",
          "positionXinPercentage": 0.14578006,
          "positionYinPercentage": 0,
          "rotate": 0,
          "shadowColor": "#FFFFFF",
          "tag": "",
          "textColor": "#000000",
          "textFontPath": "",
          "textGravity": "CENTER",
          "textSize": 9,
          "textString": "This is some text. This is some text.",
          "textStroke": "FILL",
          "tintDrawableColor": "#FFFFFF",
          "widthInPercentage": 0.38300106
        },
        {
          "alpha": 255,
          "flipX": false,
          "flipY": false,
          "gradientColors": [
            "#FFFFFF",
            "#000000"
          ],
          "groupIcons": [],
          "heightInPercentage": 0.14107142,
          "imgDrawablePath": "template1/drawables/artboard_21.xml",
          "isBold": false,
          "isGradient": false,
          "isHide": false,
          "isItalic": false,
          "isLocked": true,
          "isSelected": false,
          "isShadow": false,
          "isUnderline": false,
          "keepAspectRatio": false,
          "layerType": "Image",
          "positionXinPercentage": 0.42908737,
          "positionYinPercentage": 0.652857,
          "rotate": 0,
          "shadowColor": "#000000",
          "tag": "",
          "textColor": "#000000",
          "textFontPath": "",
          "textGravity": "CENTER",
          "textSize": 9,
          "textString": "This is some text. This is some text.",
          "textStroke": "FILL",
          "tintDrawableColor": "0",
          "widthInPercentage": 0.3809524
        },
        {
          "alpha": 255,
          "flipX": false,
          "flipY": false,
          "gradientColors": [
            "#FFFFFF",
            "#000000"
          ],
          "groupIcons": [],
          "heightInPercentage": 0.76160717,
          "imgDrawablePath": "template1/drawables/artboard_11.xml",
          "isBold": false,
          "isGradient": false,
          "isHide": false,
          "isItalic": false,
          "isLocked": true,
          "isSelected": false,
          "isShadow": true,
          "isUnderline": false,
          "keepAspectRatio": false,
          "layerType": "Image",
          "positionXinPercentage": 0.23824428,
          "positionYinPercentage": 0.23839286,
          "rotate": 0,
          "shadowColor": "#000000",
          "tag": "",
          "textColor": "#000000",
          "textFontPath": "",
          "textGravity": "CENTER",
          "textSize": 9,
          "textString": "This is some text. This is some text.",
          "textStroke": "FILL",
          "tintDrawableColor": "#E31E28",
          "widthInPercentage": 0.33715254
        },
        {
          "alpha": 255,
          "flipX": false,
          "flipY": false,
          "gradientColors": [
            "#FFFFFF",
            "#000000"
          ],
          "groupIcons": [],
          "heightInPercentage": 1,
          "imgDrawablePath": "template1/drawables/artboard_10.xml",
          "isBold": false,
          "isGradient": false,
          "isHide": false,
          "isItalic": false,
          "isLocked": true,
          "isSelected": false,
          "isShadow": true,
          "isUnderline": false,
          "keepAspectRatio": false,
          "layerType": "Image",
          "positionXinPercentage": 0,
          "positionYinPercentage": 0,
          "rotate": 0,
          "shadowColor": "#000000",
          "tag": "",
          "textColor": "#000000",
          "textFontPath": "",
          "textGravity": "CENTER",
          "textSize": 9,
          "textString": "This is some text. This is some text.",
          "textStroke": "FILL",
          "tintDrawableColor": "#FFFFFF",
          "widthInPercentage": 0.4732143
        },
        {
          "alpha": 255,
          "flipX": false,
          "flipY": false,
          "gradientColors": [
            "#FFFFFF",
            "#000000"
          ],
          "groupIcons": [],
          "heightInPercentage": 0.046428572,
          "imgDrawablePath": "",
          "isBold": false,
          "isGradient": false,
          "isHide": false,
          "isItalic": false,
          "isLocked": false,
          "isSelected": false,
          "isShadow": true,
          "isUnderline": false,
          "keepAspectRatio": false,
          "layerType": "TextView",
          "positionXinPercentage": 0.061507937,
          "positionYinPercentage": 0.75535715,
          "rotate": 0,
          "shadowColor": "#FFFFFF",
          "tag": "tagline",
          "textColor": "#000000",
          "textFontPath": "",
          "textGravity": "CENTER",
          "textSize": 4,
          "textString": "YOUR SLOGAN HERE",
          "textStroke": "FILL",
          "tintDrawableColor": "#000000",
          "widthInPercentage": 0.3
        },
        {
          "alpha": 255,
          "flipX": false,
          "flipY": false,
          "gradientColors": [
            "#FFFFFF",
            "#000000"
          ],
          "groupIcons": [],
          "heightInPercentage": 0.08571429,
          "imgDrawablePath": "",
          "isBold": false,
          "isGradient": false,
          "isHide": false,
          "isItalic": false,
          "isLocked": false,
          "isSelected": false,
          "isShadow": true,
          "isUnderline": false,
          "keepAspectRatio": false,
          "layerType": "TextView",
          "positionXinPercentage": 0.020833334,
          "positionYinPercentage": 0.6625,
          "rotate": 0,
          "shadowColor": "#FFFFFF",
          "tag": "company",
          "textColor": "#E31E28",
          "textFontPath": "template1/fonts/montserrat_bold.ttf",
          "textGravity": "CENTER",
          "textSize": 7,
          "textString": "BRAND NAME",
          "textStroke": "FILL",
          "tintDrawableColor": "#000000",
          "widthInPercentage": 0.38194445
        },
        {
          "alpha": 255,
          "flipX": false,
          "flipY": false,
          "gradientColors": [
            "#FFFFFF",
            "#000000"
          ],
          "groupIcons": [],
          "heightInPercentage": 0.30535713,
          "imgDrawablePath": "template1/drawables/logo.xml",
          "isBold": false,
          "isGradient": false,
          "isHide": false,
          "isItalic": false,
          "isLocked": false,
          "isSelected": false,
          "isShadow": false,
          "isUnderline": false,
          "keepAspectRatio": false,
          "layerType": "Image",
          "positionXinPercentage": 0.058959294,
          "positionYinPercentage": 0.37142858,
          "rotate": 0,
          "shadowColor": "#FFFFFF",
          "tag": "logo",
          "textColor": "#000000",
          "textFontPath": "",
          "textGravity": "CENTER",
          "textSize": 9,
          "textString": "This is some text. This is some text.",
          "textStroke": "FILL",
          "tintDrawableColor": "0",
          "widthInPercentage": 0.22519842
        },
        {
          "alpha": 255,
          "flipX": false,
          "flipY": false,
          "gradientColors": [
            "#FFFFFF",
            "#000000"
          ],
          "groupIcons": [],
          "heightInPercentage": 0.11071429,
          "imgDrawablePath": "",
          "isBold": false,
          "isGradient": false,
          "isHide": false,
          "isItalic": false,
          "isLocked": false,
          "isSelected": false,
          "isShadow": false,
          "isUnderline": false,
          "keepAspectRatio": false,
          "layerType": "TextView",
          "positionXinPercentage": 0.794246,
          "positionYinPercentage": 0.18482143,
          "rotate": 0,
          "shadowColor": "#FFFFFF",
          "tag": "lname",
          "textColor": "#FFFFFF",
          "textFontPath": "template1/fonts/montserrat_bold.ttf",
          "textGravity": "CENTER",
          "textSize": 9,
          "textString": "NAME",
          "textStroke": "FILL",
          "tintDrawableColor": "#000000",
          "widthInPercentage": 0.17599209
        },
        {
          "alpha": 255,
          "flipX": false,
          "flipY": false,
          "gradientColors": [
            "#FFFFFF",
            "#000000"
          ],
          "groupIcons": [],
          "heightInPercentage": 0.11071429,
          "imgDrawablePath": "",
          "isBold": false,
          "isGradient": false,
          "isHide": false,
          "isItalic": false,
          "isLocked": false,
          "isSelected": false,
          "isShadow": false,
          "isUnderline": false,
          "keepAspectRatio": false,
          "layerType": "TextView",
          "positionXinPercentage": 0.54265875,
          "positionYinPercentage": 0.1875,
          "rotate": 0,
          "shadowColor": "#FFFFFF",
          "tag": "fname",
          "textColor": "#e31e28",
          "textFontPath": "template1/fonts/montserrat_bold.ttf",
          "textGravity": "END",
          "textSize": 9,
          "textString": "YOUR",
          "textStroke": "FILL",
          "tintDrawableColor": "#000000",
          "widthInPercentage": 0.2390873
        },
        {
          "alpha": 255,
          "flipX": false,
          "flipY": false,
          "gradientColors": [
            "#FFFFFF",
            "#000000"
          ],
          "groupIcons": [],
          "heightInPercentage": 0.14107142,
          "imgDrawablePath": "template1/drawables/artboard_8.xml",
          "isBold": false,
          "isGradient": false,
          "isHide": false,
          "isItalic": false,
          "isLocked": true,
          "isSelected": false,
          "isShadow": false,
          "isUnderline": false,
          "keepAspectRatio": false,
          "layerType": "Image",
          "positionXinPercentage": 0.8730159,
          "positionYinPercentage": 0.4810429,
          "rotate": 0,
          "shadowColor": "#000000",
          "tag": "",
          "textColor": "#000000",
          "textFontPath": "",
          "textGravity": "CENTER",
          "textSize": 9,
          "textString": "This is some text. This is some text.",
          "textStroke": "FILL",
          "tintDrawableColor": "#FFFFFF",
          "widthInPercentage": 0.12698412
        },
        {
          "alpha": 255,
          "flipX": false,
          "flipY": false,
          "gradientColors": [
            "#FFFFFF",
            "#000000"
          ],
          "groupIcons": [],
          "heightInPercentage": 0.14107142,
          "imgDrawablePath": "template1/drawables/artboard_8.xml",
          "isBold": false,
          "isGradient": false,
          "isHide": false,
          "isItalic": false,
          "isLocked": true,
          "isSelected": false,
          "isShadow": false,
          "isUnderline": false,
          "keepAspectRatio": false,
          "layerType": "Image",
          "positionXinPercentage": 0.8730159,
          "positionYinPercentage": 0.82857144,
          "rotate": 0,
          "shadowColor": "#000000",
          "tag": "",
          "textColor": "#000000",
          "textFontPath": "",
          "textGravity": "CENTER",
          "textSize": 9,
          "textString": "This is some text. This is some text.",
          "textStroke": "FILL",
          "tintDrawableColor": "#FFFFFF",
          "widthInPercentage": 0.12698412
        },
        {
          "alpha": 255,
          "flipX": false,
          "flipY": false,
          "gradientColors": [
            "#FFFFFF",
            "#000000"
          ],
          "groupIcons": [],
          "heightInPercentage": 0.14107142,
          "imgDrawablePath": "template1/drawables/artboard_8.xml",
          "isBold": false,
          "isGradient": false,
          "isHide": false,
          "isItalic": false,
          "isLocked": true,
          "isSelected": false,
          "isShadow": false,
          "isUnderline": false,
          "keepAspectRatio": false,
          "layerType": "Image",
          "positionXinPercentage": 0.8730159,
          "positionYinPercentage": 0.65178573,
          "rotate": 0,
          "shadowColor": "#000000",
          "tag": "",
          "textColor": "#000000",
          "textFontPath": "",
          "textGravity": "CENTER",
          "textSize": 9,
          "textString": "This is some text. This is some text.",
          "textStroke": "FILL",
          "tintDrawableColor": "0",
          "widthInPercentage": 0.12698412
        },
        {
          "alpha": 255,
          "flipX": true,
          "flipY": true,
          "gradientColors": [
            "#FFFFFF",
            "#000000"
          ],
          "groupIcons": [],
          "heightInPercentage": 0.14107142,
          "imgDrawablePath": "template1/drawables/artboard_8.xml",
          "isBold": false,
          "isGradient": false,
          "isHide": false,
          "isItalic": false,
          "isLocked": true,
          "isSelected": false,
          "isShadow": false,
          "isUnderline": false,
          "keepAspectRatio": false,
          "layerType": "Image",
          "positionXinPercentage": 0.7867063,
          "positionYinPercentage": 0.48104292,
          "rotate": 0,
          "shadowColor": "#000000",
          "tag": "",
          "textColor": "#000000",
          "textFontPath": "",
          "textGravity": "CENTER",
          "textSize": 9,
          "textString": "This is some text. This is some text.",
          "textStroke": "FILL",
          "tintDrawableColor": "#E31E28",
          "widthInPercentage": 0.12698412
        },
        {
          "alpha": 255,
          "flipX": true,
          "flipY": true,
          "gradientColors": [
            "#FFFFFF",
            "#000000"
          ],
          "groupIcons": [],
          "heightInPercentage": 0.14107142,
          "imgDrawablePath": "template1/drawables/artboard_8.xml",
          "isBold": false,
          "isGradient": false,
          "isHide": false,
          "isItalic": false,
          "isLocked": true,
          "isSelected": false,
          "isShadow": false,
          "isUnderline": false,
          "keepAspectRatio": false,
          "layerType": "Image",
          "positionXinPercentage": 0.78571427,
          "positionYinPercentage": 0.6533571,
          "rotate": 0,
          "shadowColor": "#000000",
          "tag": "",
          "textColor": "#000000",
          "textFontPath": "",
          "textGravity": "CENTER",
          "textSize": 9,
          "textString": "This is some text. This is some text.",
          "textStroke": "FILL",
          "tintDrawableColor": "#E31E28",
          "widthInPercentage": 0.12698412
        },
        {
          "alpha": 255,
          "flipX": true,
          "flipY": true,
          "gradientColors": [
            "#FFFFFF",
            "#000000"
          ],
          "groupIcons": [],
          "heightInPercentage": 0.14107142,
          "imgDrawablePath": "template1/drawables/artboard_8.xml",
          "isBold": false,
          "isGradient": false,
          "isHide": false,
          "isItalic": false,
          "isLocked": true,
          "isSelected": false,
          "isShadow": false,
          "isUnderline": false,
          "keepAspectRatio": false,
          "layerType": "Image",
          "positionXinPercentage": 0.7867063,
          "positionYinPercentage": 0.8293571,
          "rotate": 0,
          "shadowColor": "#000000",
          "tag": "",
          "textColor": "#000000",
          "textFontPath": "",
          "textGravity": "CENTER",
          "textSize": 9,
          "textString": "This is some text. This is some text.",
          "textStroke": "FILL",
          "tintDrawableColor": "#E31E28",
          "widthInPercentage": 0.12698412
        },
        {
          "alpha": 255,
          "flipX": false,
          "flipY": false,
          "gradientColors": [
            "#FFFFFF",
            "#000000"
          ],
          "groupIcons": [],
          "heightInPercentage": 0.09011244,
          "imgDrawablePath": "template1/drawables/artboard_19.xml",
          "isBold": false,
          "isGradient": false,
          "isHide": false,
          "isItalic": false,
          "isLocked": true,
          "isSelected": false,
          "isShadow": false,
          "isUnderline": false,
          "keepAspectRatio": true,
          "layerType": "Image",
          "positionXinPercentage": 0.92410713,
          "positionYinPercentage": 0.84821427,
          "rotate": 0,
          "shadowColor": "#000000",
          "tag": "",
          "textColor": "#000000",
          "textFontPath": "",
          "textGravity": "CENTER",
          "textSize": 9,
          "textString": "This is some text. This is some text.",
          "textStroke": "FILL",
          "tintDrawableColor": "0",
          "widthInPercentage": 0.05406746
        },
        {
          "alpha": 255,
          "flipX": false,
          "flipY": false,
          "gradientColors": [
            "#FFFFFF",
            "#000000"
          ],
          "groupIcons": [],
          "heightInPercentage": 0.115621805,
          "imgDrawablePath": "template1/drawables/artboard_18.xml",
          "isBold": false,
          "isGradient": false,
          "isHide": false,
          "isItalic": false,
          "isLocked": true,
          "isSelected": false,
          "isShadow": false,
          "isUnderline": false,
          "keepAspectRatio": true,
          "layerType": "Image",
          "positionXinPercentage": 0.9236111,
          "positionYinPercentage": 0.6589286,
          "rotate": 0,
          "shadowColor": "#000000",
          "textColor": "#000000",
          "textFontPath": "",
          "textGravity": "CENTER",
          "textSize": 9,
          "textString": "This is some text. This is some text.",
          "textStroke": "FILL",
          "tintDrawableColor": "0",
          "widthInPercentage": 0.05952381
        },
        {
          "alpha": 255,
          "flipX": false,
          "flipY": false,
          "gradientColors": [
            "#FFFFFF",
            "#000000"
          ],
          "groupIcons": [],
          "heightInPercentage": 0.10995372,
          "imgDrawablePath": "template1/drawables/artboard_17.xml",
          "isBold": false,
          "isGradient": false,
          "isHide": false,
          "isItalic": false,
          "isLocked": true,
          "isSelected": false,
          "isShadow": false,
          "isUnderline": false,
          "keepAspectRatio": true,
          "layerType": "Image",
          "positionXinPercentage": 0.922123,
          "positionYinPercentage": 0.48660713,
          "rotate": 0,
          "shadowColor": "#000000",
          "tag": "",
          "textColor": "#000000",
          "textFontPath": "",
          "textGravity": "CENTER",
          "textSize": 9,
          "textString": "This is some text. This is some text.",
          "textStroke": "FILL",
          "tintDrawableColor": "0",
          "widthInPercentage": 0.065972224
        },
        {
          "alpha": 255,
          "flipX": false,
          "flipY": false,
          "gradientColors": [
            "#FFFFFF",
            "#000000"
          ],
          "groupIcons": [],
          "heightInPercentage": 0.11785714,
          "imgDrawablePath": "",
          "isBold": true,
          "isGradient": false,
          "isHide": false,
          "isItalic": false,
          "isLocked": false,
          "isSelected": false,
          "isShadow": false,
          "isUnderline": false,
          "keepAspectRatio": false,
          "layerType": "TextView",
          "positionXinPercentage": 0.5706151,
          "positionYinPercentage": 0.49285713,
          "rotate": 0,
          "shadowColor": "#FFFFFF",
          "tag": "phone",
          "textColor": "#FFFFFF",
          "textFontPath": "template1/fonts/montserrat_bold.ttf",
          "textGravity": "END",
          "textSize": 5,
          "textString": "+92303 1234567\n+92301 1234567",
          "textStroke": "FILL",
          "tintDrawableColor": "#000000",
          "widthInPercentage": 0.28005946
        },
        {
          "alpha": 255,
          "flipX": false,
          "flipY": false,
          "gradientColors": [
            "#FFFFFF",
            "#000000"
          ],
          "groupIcons": [],
          "heightInPercentage": 0.11785714,
          "imgDrawablePath": "",
          "isBold": true,
          "isGradient": false,
          "isHide": false,
          "isItalic": false,
          "isLocked": false,
          "isSelected": false,
          "isShadow": false,
          "isUnderline": false,
          "keepAspectRatio": false,
          "layerType": "TextView",
          "positionXinPercentage": 0.5524207,
          "positionYinPercentage": 0.66734946,
          "rotate": 0,
          "shadowColor": "#FFFFFF",
          "tag": "website",
          "textColor": "#FFFFFF",
          "textFontPath": "",
          "textGravity": "END",
          "textSize": 5,
          "textString": "Mail address here\nweb address here",
          "textStroke": "FILL",
          "tintDrawableColor": "#000000",
          "widthInPercentage": 0.28005946
        },
        {
          "alpha": 255,
          "flipX": false,
          "flipY": false,
          "gradientColors": [
            "#FFFFFF",
            "#000000"
          ],
          "groupIcons": [],
          "heightInPercentage": 0.11785714,
          "imgDrawablePath": "",
          "isBold": true,
          "isGradient": false,
          "isHide": false,
          "isItalic": false,
          "isLocked": false,
          "isSelected": false,
          "isShadow": false,
          "isUnderline": false,
          "keepAspectRatio": false,
          "layerType": "TextView",
          "positionXinPercentage": 0.5702778,
          "positionYinPercentage": 0.8410714,
          "rotate": 0,
          "shadowColor": "#FFFFFF",
          "tag": "address",
          "textColor": "#FFFFFF",
          "textFontPath": "",
          "textGravity": "END",
          "textSize": 5,
          "textString": "Your street address\nHere123",
          "textStroke": "FILL",
          "tintDrawableColor": "#000000",
          "widthInPercentage": 0.28005946
        },
        {
          "alpha": 255,
          "flipX": false,
          "flipY": false,
          "gradientColors": [
            "#FFFFFF",
            "#000000"
          ],
          "groupIcons": [],
          "heightInPercentage": 0.05892857,
          "imgDrawablePath": "",
          "isBold": false,
          "isGradient": false,
          "isHide": false,
          "isItalic": false,
          "isLocked": false,
          "isSelected": false,
          "isShadow": false,
          "isUnderline": false,
          "keepAspectRatio": false,
          "layerType": "TextView",
          "positionXinPercentage": 0.71130955,
          "positionYinPercentage": 0.28035715,
          "rotate": 0,
          "shadowColor": "#FFFFFF",
          "tag": "designation",
          "textColor": "#E31E28",
          "textFontPath": "",
          "textGravity": "END",
          "textSize": 5,
          "textString": "DESIGNATION",
          "textStroke": "FILL",
          "tintDrawableColor": "#000000",
          "widthInPercentage": 0.2470238
        }
      ]
    }
  ]
}