{
  "cardBackgroundColor": "#2e3442",
  "itemId": "",
  "mainItemList": [
    {
      "alpha": 255,
      "flipX": false,
      "flipY": false,
      "heightInPercentage": 0.6892857,
      "imgDrawablePath": "template1/drawables/artboard_16.xml",
      "isBold": false,
      "isHide": false,
      "isItalic": false,
      "isLocked": false,
      "isSelected": false,
      "isShadow": true,
      "isUnderline": false,
      "keepAspectRatio": false,
      "layerType": "Image",
      "positionXinPercentage": 0.22043058,
      "positionYinPercentage": 0.0,
      "shadowColor": "#FFFFFF",
      "textColor": "#000000",
      "textFontPath": "",
      "textSize": 9,
      "textString": "This is some text. This is some text.",
      "tintDrawableColor": "0",
      "widthInPercentage": 0.47500592
    },
    {
      "alpha": 255,
      "flipX": false,
      "flipY": false,
      "heightInPercentage": 0.664535,
      "imgDrawablePath": "template1/drawables/artboard_11.xml",
      "isBold": false,
      "isHide": false,
      "isItalic": false,
      "isLocked": false,
      "isSelected": false,
      "isShadow": true,
      "isUnderline": false,
      "keepAspectRatio": false,
      "layerType": "Image",
      "positionXinPercentage": 0.37164694,
      "positionYinPercentage": 0.335465,
      "shadowColor": "#FFFFFF",
      "textColor": "#000000",
      "textFontPath": "",
      "textSize": 9,
      "textString": "This is some text. This is some text.",
      "tintDrawableColor": "0",
      "widthInPercentage": 0.4006183
    },
    {
      "alpha": 255,
      "flipX": false,
      "flipY": false,
      "heightInPercentage": 1.0,
      "imgDrawablePath": "template1/drawables/artboard_10.xml",
      "isBold": false,
      "isHide": false,
      "isItalic": false,
      "isLocked": false,
      "isSelected": false,
      "isShadow": true,
      "isUnderline": false,
      "keepAspectRatio": false,
      "layerType": "Image",
      "positionXinPercentage": 0.0,
      "positionYinPercentage": 0.0,
      "shadowColor": "#FFFFFF",
      "textColor": "#000000",
      "textFontPath": "",
      "textSize": 9,
      "textString": "This is some text. This is some text.",
      "tintDrawableColor": "0",
      "widthInPercentage": 0.66765875
    },
    {
      "alpha": 255,
      "flipX": false,
      "flipY": false,
      "heightInPercentage": 0.13392857,
      "imgDrawablePath": "",
      "isBold": false,
      "isHide": false,
      "isItalic": false,
      "isLocked": false,
      "isSelected": false,
      "isShadow": false,
      "isUnderline": false,
      "keepAspectRatio": false,
      "layerType": "TextView",
      "positionXinPercentage": 0.04386902,
      "positionYinPercentage": 0.625,
      "shadowColor": "#FFFFFF",
      "textColor": "#FFFFFF",
      "textFontPath": "template1/fonts/montserrat_bold.ttf",
      "textSize": 11,
      "textString": "BRAND NAME",
      "tintDrawableColor": "#000000",
      "widthInPercentage": 0.47269082
    },
    {
      "alpha": 255,
      "flipX": false,
      "flipY": false,
      "heightInPercentage": 0.073214285,
      "imgDrawablePath": "",
      "isBold": false,
      "isHide": false,
      "isItalic": false,
      "isLocked": false,
      "isSelected": false,
      "isShadow": false,
      "isUnderline": false,
      "keepAspectRatio": false,
      "layerType": "TextView",
      "positionXinPercentage": 0.092678614,
      "positionYinPercentage": 0.7634096,
      "shadowColor": "#FFFFFF",
      "textColor": "#000000",
      "textFontPath": "template1/fonts/montserrat_semibold.ttf",
      "textSize": 6,
      "textString": "YOUR SLOGAN HERE",
      "tintDrawableColor": "#000000",
      "widthInPercentage": 0.6339286
    },
    {
      "alpha": 255,
      "flipX": false,
      "flipY": false,
      "heightInPercentage": 0.3125,
      "imgDrawablePath": "template1/drawables/logo2.xml",
      "isBold": false,
      "isHide": false,
      "isItalic": false,
      "isLocked": false,
      "isSelected": false,
      "isShadow": true,
      "isUnderline": false,
      "keepAspectRatio": false,
      "layerType": "Image",
      "positionXinPercentage": 0.1279762,
      "positionYinPercentage": 0.30267859,
      "shadowColor": "#FFFFFF",
      "textColor": "#000000",
      "textFontPath": "",
      "textSize": 9,
      "textString": "This is some text. This is some text.",
      "tintDrawableColor": "0",
      "widthInPercentage": 0.22123016
    },
    {
      "alpha": 255,
      "flipX": false,
      "flipY": false,
      "heightInPercentage": 0.31556603,
      "imgDrawablePath": "template1/drawables/logo1.xml",
      "isBold": false,
      "isHide": false,
      "isItalic": false,
      "isLocked": false,
      "isSelected": false,
      "isShadow": true,
      "isUnderline": false,
      "keepAspectRatio": false,
      "layerType": "Image",
      "positionXinPercentage": 0.12400793,
      "positionYinPercentage": 0.30229113,
      "shadowColor": "#FFFFFF",
      "textColor": "#000000",
      "textFontPath": "",
      "textSize": 9,
      "textString": "This is some text. This is some text.",
      "tintDrawableColor": "0",
      "widthInPercentage": 0.23313493
    }
  ]
}