{"cardBackgroundColor":"#2e3442","itemId":"","mainItemList":[{"alpha":255,"flipX":false,"flipY":false,"groupIcons":[],"heightInPercentage":0.7214286,"imgDrawablePath":"template1/drawables/artboard_16.xml","isBold":false,"isHide":false,"isItalic":false,"isLocked":true,"isSelected":false,"isShadow":false,"isUnderline":false,"keepAspectRatio":false,"layerType":"Image","positionXinPercentage":0.18986215,"positionYinPercentage":0.0,"shadowColor":"#000000","textColor":"#000000","textFontPath":"","textSize":9,"textString":"This is some text. This is some text.","tintDrawableColor":"0","widthInPercentage":0.55176306},{"alpha":255,"flipX":false,"flipY":false,"groupIcons":[],"heightInPercentage":0.67078495,"imgDrawablePath":"template1/drawables/artboard_11.xml","isBold":false,"isHide":false,"isItalic":false,"isLocked":true,"isSelected":false,"isShadow":true,"isUnderline":false,"keepAspectRatio":false,"layerType":"Image","positionXinPercentage":0.38144842,"positionYinPercentage":0.32921502,"shadowColor":"#000000","textColor":"#000000","textFontPath":"","textSize":9,"textString":"This is some text. This is some text.","tintDrawableColor":"0","widthInPercentage":0.46924603},{"alpha":255,"flipX":false,"flipY":false,"groupIcons":[],"heightInPercentage":1.0,"imgDrawablePath":"template1/drawables/artboard_10.xml","isBold":false,"isHide":false,"isItalic":false,"isLocked":true,"isSelected":false,"isShadow":true,"isUnderline":false,"keepAspectRatio":false,"layerType":"Image","positionXinPercentage":0.0,"positionYinPercentage":0.0,"shadowColor":"#000000","textColor":"#000000","textFontPath":"","textSize":9,"textString":"This is some text. This is some text.","tintDrawableColor":"0","widthInPercentage":0.7311508},{"alpha":255,"flipX":false,"flipY":false,"groupIcons":[],"heightInPercentage":0.09642857,"imgDrawablePath":"","isBold":false,"isHide":false,"isItalic":false,"isLocked":true,"isSelected":false,"isShadow":false,"isUnderline":false,"keepAspectRatio":false,"layerType":"TextView","positionXinPercentage":0.06349207,"positionYinPercentage":0.5714286,"shadowColor":"#FFFFFF","textColor":"#FFFFFF","textFontPath":"template1/fonts/montserrat_bold.ttf","textSize":8,"textString":"BRAND NAME","tintDrawableColor":"#000000","widthInPercentage":0.34126985},{"alpha":255,"flipX":false,"flipY":false,"groupIcons":[],"heightInPercentage":0.05,"imgDrawablePath":"","isBold":false,"isHide":false,"isItalic":false,"isLocked":true,"isSelected":false,"isShadow":false,"isUnderline":false,"keepAspectRatio":false,"layerType":"TextView","positionXinPercentage":0.10706354,"positionYinPercentage":0.6616239,"shadowColor":"#FFFFFF","textColor":"#000000","textFontPath":"template1/fonts/montserrat_semibold.ttf","textSize":4,"textString":"YOUR SLOGAN HERE","tintDrawableColor":"#000000","widthInPercentage":0.26148805},{"alpha":255,"flipX":false,"flipY":false,"groupIcons":[],"heightInPercentage":0.3125,"imgDrawablePath":"template1/drawables/logo2.xml","isBold":false,"isHide":false,"isItalic":false,"isLocked":true,"isSelected":false,"isShadow":false,"isUnderline":false,"keepAspectRatio":false,"layerType":"Image","positionXinPercentage":0.11904762,"positionYinPercentage":0.26875,"shadowColor":"#FFFFFF","textColor":"#000000","textFontPath":"","textSize":9,"textString":"This is some text. This is some text.","tintDrawableColor":"0","widthInPercentage":0.22123016},{"alpha":255,"flipX":false,"flipY":false,"groupIcons":[],"heightInPercentage":0.31556603,"imgDrawablePath":"template1/drawables/logo1.xml","isBold":false,"isHide":false,"isItalic":false,"isLocked":true,"isSelected":false,"isShadow":false,"isUnderline":false,"keepAspectRatio":false,"layerType":"Image","positionXinPercentage":0.111072786,"positionYinPercentage":0.2630054,"shadowColor":"#000000","textColor":"#000000","textFontPath":"","textSize":9,"textString":"This is some text. This is some text.","tintDrawableColor":"#FFFFFF","widthInPercentage":0.2371415},{"alpha":255,"flipX":false,"flipY":false,"groupIcons":[],"heightInPercentage":0.09771123,"imgDrawablePath":"template1/drawables/artboard_18.xml","isBold":false,"isHide":false,"isItalic":false,"isLocked":false,"isSelected":false,"isShadow":false,"isUnderline":false,"keepAspectRatio":true,"layerType":"Image","positionXinPercentage":0.12450397,"positionYinPercentage":0.87678564,"shadowColor":"#000000","textColor":"#000000","textFontPath":"","textSize":9,"textString":"This is some text. This is some text.","tintDrawableColor":"#000000","widthInPercentage":0.052083332},{"alpha":255,"flipX":false,"flipY":false,"groupIcons":[],"heightInPercentage":0.046428572,"imgDrawablePath":"","isBold":false,"isHide":false,"isItalic":false,"isLocked":false,"isSelected":false,"isShadow":false,"isUnderline":false,"keepAspectRatio":false,"layerType":"TextView","positionXinPercentage":0.1780754,"positionYinPercentage":0.9,"shadowColor":"#FFFFFF","textColor":"#FFFFFF","textFontPath":"","textSize":4,"textString":"www.example.com","tintDrawableColor":"#000000","widthInPercentage":0.20585318}]}