{
  "cardBackgroundColor": "#2e3442",
  "itemId": "",
  "mainItemList": [
    {
      "alpha": 255,
      "flipX": false,
      "flipY": false,
      "groupIcons": [],
      "heightInPercentage": 0.18647599,
      "imgDrawablePath": "template3/drawables/layer_2_1.xml",
      "isBold": false,
      "isHide": false,
      "isItalic": false,
      "isLocked": true,
      "isSelected": false,
      "isShadow": false,
      "isUnderline": false,
      "keepAspectRatio": true,
      "layerType": "Image",
      "positionXinPercentage": 0.847683,
      "positionYinPercentage": 0.48214287,
      "shadowColor": "#000000",
      "textColor": "#000000",
      "textFontPath": "",
      "textSize": 9,
      "textString": "This is some text. This is some text.",
      "tintDrawableColor": "0",
      "widthInPercentage": 0.15231699
    },
    {
      "alpha": 255,
      "flipX": false,
      "flipY": false,
      "groupIcons": [],
      "heightInPercentage": 0.5089286,
      "imgDrawablePath": "template3/drawables/layer_3.xml",
      "isBold": false,
      "isHide": false,
      "isItalic": false,
      "isLocked": true,
      "isSelected": false,
      "isShadow": true,
      "isUnderline": false,
      "keepAspectRatio": false,
      "layerType": "Image",
      "positionXinPercentage": 0.5389719,
      "positionYinPercentage": 0.0,
      "shadowColor": "#000000",
      "textColor": "#000000",
      "textFontPath": "",
      "textSize": 9,
      "textString": "This is some text. This is some text.",
      "tintDrawableColor": "#F59B2A",
      "widthInPercentage": 0.46102813
    },
    {
      "alpha": 255,
      "flipX": false,
      "flipY": false,
      "groupIcons": [],
      "heightInPercentage": 0.41387224,
      "imgDrawablePath": "template3/drawables/layer_2_1.xml",
      "isBold": false,
      "isHide": false,
      "isItalic": false,
      "isLocked": true,
      "isSelected": false,
      "isShadow": true,
      "isUnderline": false,
      "keepAspectRatio": false,
      "layerType": "Image",
      "positionXinPercentage": 0.536704,
      "positionYinPercentage": 0.58612776,
      "shadowColor": "#000000",
      "textColor": "#000000",
      "textFontPath": "",
      "textSize": 9,
      "textString": "This is some text. This is some text.",
      "tintDrawableColor": "0",
      "widthInPercentage": 0.46329603
    },
    {
      "alpha": 255,
      "flipX": false,
      "flipY": false,
      "groupIcons": [],
      "heightInPercentage": 0.4210221,
      "imgDrawablePath": "template3/drawables/layer_4.xml",
      "isBold": false,
      "isHide": false,
      "isItalic": false,
      "isLocked": true,
      "isSelected": false,
      "isShadow": true,
      "isUnderline": false,
      "keepAspectRatio": true,
      "layerType": "Image",
      "positionXinPercentage": 0.8673868,
      "positionYinPercentage": 0.0,
      "shadowColor": "#000000",
      "textColor": "#000000",
      "textFontPath": "",
      "textSize": 9,
      "textString": "This is some text. This is some text.",
      "tintDrawableColor": "0",
      "widthInPercentage": 0.25261307
    },
    {
      "alpha": 255,
      "flipX": true,
      "flipY": true,
      "groupIcons": [],
      "heightInPercentage": 0.5745014,
      "imgDrawablePath": "template3/drawables/layer_4.xml",
      "isBold": false,
      "isHide": false,
      "isItalic": false,
      "isLocked": true,
      "isSelected": false,
      "isShadow": true,
      "isUnderline": false,
      "keepAspectRatio": false,
      "layerType": "Image",
      "positionXinPercentage": 0.7167659,
      "positionYinPercentage": 0.42549857,
      "shadowColor": "#000000",
      "textColor": "#000000",
      "textFontPath": "",
      "textSize": 9,
      "textString": "This is some text. This is some text.",
      "tintDrawableColor": "0",
      "widthInPercentage": 0.25644842
    },
    {
      "alpha": 255,
      "flipX": true,
      "flipY": true,
      "groupIcons": [],
      "heightInPercentage": 0.27420762,
      "imgDrawablePath": "template3/drawables/layer_4.xml",
      "isBold": false,
      "isHide": false,
      "isItalic": false,
      "isLocked": true,
      "isSelected": false,
      "isShadow": true,
      "isUnderline": false,
      "keepAspectRatio": false,
      "layerType": "Image",
      "positionXinPercentage": 0.6356692,
      "positionYinPercentage": 0.72579235,
      "shadowColor": "#000000",
      "textColor": "#000000",
      "textFontPath": "",
      "textSize": 9,
      "textString": "This is some text. This is some text.",
      "tintDrawableColor": "0",
      "widthInPercentage": 0.17683084
    },
    {
      "alpha": 255,
      "flipX": false,
      "flipY": false,
      "groupIcons": [],
      "heightInPercentage": 0.28928572,
      "imgDrawablePath": "template3/drawables/layer_4.xml",
      "isBold": false,
      "isHide": false,
      "isItalic": false,
      "isLocked": true,
      "isSelected": false,
      "isShadow": true,
      "isUnderline": false,
      "keepAspectRatio": false,
      "layerType": "Image",
      "positionXinPercentage": 0.4850477,
      "positionYinPercentage": 0.0,
      "shadowColor": "#000000",
      "textColor": "#000000",
      "textFontPath": "",
      "textSize": 9,
      "textString": "This is some text. This is some text.",
      "tintDrawableColor": "0",
      "widthInPercentage": 0.26098406
    },
    {
      "alpha": 255,
      "flipX": false,
      "flipY": false,
      "groupIcons": [],
      "heightInPercentage": 0.15873022,
      "imgDrawablePath": "template3/drawables/loogo.xml",
      "isBold": false,
      "isHide": false,
      "isItalic": false,
      "isLocked": true,
      "isSelected": false,
      "isShadow": false,
      "isUnderline": false,
      "keepAspectRatio": true,
      "layerType": "Image",
      "positionXinPercentage": 0.028769841,
      "positionYinPercentage": 0.12232143,
      "shadowColor": "#000000",
      "textColor": "#000000",
      "textFontPath": "",
      "textSize": 9,
      "textString": "This is some text. This is some text.",
      "tintDrawableColor": "0",
      "widthInPercentage": 0.0952381
    },
    {
      "alpha": 255,
      "flipX": false,
      "flipY": false,
      "groupIcons": [],
      "heightInPercentage": 0.035714287,
      "imgDrawablePath": "",
      "isBold": false,
      "isHide": false,
      "isItalic": false,
      "isLocked": true,
      "isSelected": false,
      "isShadow": false,
      "isUnderline": false,
      "keepAspectRatio": false,
      "layerType": "TextView",
      "positionXinPercentage": 0.14285715,
      "positionYinPercentage": 0.24107143,
      "shadowColor": "#FFFFFF",
      "textColor": "#FFFFFF",
      "textFontPath": "template3/fonts/montserrat_regular.otf",
      "textSize": 3,
      "textString": "YOUR SLOGAN HERE",
      "tintDrawableColor": "#000000",
      "widthInPercentage": 0.3
    },
    {
      "alpha": 255,
      "flipX": false,
      "flipY": false,
      "groupIcons": [],
      "heightInPercentage": 0.060714286,
      "imgDrawablePath": "",
      "isBold": false,
      "isHide": false,
      "isItalic": false,
      "isLocked": true,
      "isSelected": false,
      "isShadow": false,
      "isUnderline": false,
      "keepAspectRatio": false,
      "layerType": "TextView",
      "positionXinPercentage": 0.1395705,
      "positionYinPercentage": 0.18208379,
      "shadowColor": "#FFFFFF",
      "textColor": "#FFFFFF",
      "textFontPath": "template3/fonts/montserrat_semiBold.otf",
      "textSize": 5,
      "textString": "LOREM STORE",
      "tintDrawableColor": "#000000",
      "widthInPercentage": 0.22870384
    },
    {
      "alpha": 255,
      "flipX": false,
      "flipY": false,
      "groupIcons": [],
      "heightInPercentage": 0.08571429,
      "imgDrawablePath": "",
      "isBold": false,
      "isHide": false,
      "isItalic": false,
      "isLocked": true,
      "isSelected": false,
      "isShadow": false,
      "isUnderline": false,
      "keepAspectRatio": false,
      "layerType": "TextView",
      "positionXinPercentage": 0.03125,
      "positionYinPercentage": 0.32,
      "shadowColor": "#FFFFFF",
      "textColor": "#FFFFFF",
      "textFontPath": "template3/fonts/montserrat_regular.otf",
      "textSize": 7,
      "textString": "MR. JHON FROW",
      "tintDrawableColor": "#000000",
      "widthInPercentage": 0.36805555
    },
    {
      "alpha": 255,
      "flipX": false,
      "flipY": false,
      "groupIcons": [],
      "heightInPercentage": 0.046428572,
      "imgDrawablePath": "",
      "isBold": false,
      "isHide": false,
      "isItalic": false,
      "isLocked": true,
      "isSelected": false,
      "isShadow": false,
      "isUnderline": false,
      "keepAspectRatio": false,
      "layerType": "TextView",
      "positionXinPercentage": 0.035578653,
      "positionYinPercentage": 0.40267855,
      "shadowColor": "#FFFFFF",
      "textColor": "#FFFFFF",
      "textFontPath": "template3/fonts/raleway_semiBold.ttf",
      "textSize": 4,
      "textString": "STORE MANAGER",
      "tintDrawableColor": "#000000",
      "widthInPercentage": 0.23561507
    },
    {
      "alpha": 255,
      "flipX": false,
      "flipY": false,
      "groupIcons": [],
      "heightInPercentage": 0.0989233,
      "imgDrawablePath": "template3/drawables/phone.xml",
      "isBold": false,
      "isHide": false,
      "isItalic": false,
      "isLocked": true,
      "isSelected": false,
      "isShadow": false,
      "isUnderline": false,
      "keepAspectRatio": true,
      "layerType": "Image",
      "positionXinPercentage": 0.043650795,
      "positionYinPercentage": 0.5294643,
      "shadowColor": "#000000",
      "textColor": "#000000",
      "textFontPath": "",
      "textSize": 9,
      "textString": "This is some text. This is some text.",
      "tintDrawableColor": "0",
      "widthInPercentage": 0.05935398
    },
    {
      "alpha": 255,
      "flipX": false,
      "flipY": false,
      "groupIcons": [],
      "heightInPercentage": 0.09920636,
      "imgDrawablePath": "template3/drawables/mail.xml",
      "isBold": false,
      "isHide": false,
      "isItalic": false,
      "isLocked": true,
      "isSelected": false,
      "isShadow": false,
      "isUnderline": false,
      "keepAspectRatio": true,
      "layerType": "Image",
      "positionXinPercentage": 0.046517145,
      "positionYinPercentage": 0.66339284,
      "shadowColor": "#000000",
      "textColor": "#000000",
      "textFontPath": "",
      "textSize": 9,
      "textString": "This is some text. This is some text.",
      "tintDrawableColor": "0",
      "widthInPercentage": 0.05952381
    },
    {
      "alpha": 255,
      "flipX": false,
      "flipY": false,
      "groupIcons": [],
      "heightInPercentage": 0.097552925,
      "imgDrawablePath": "template3/drawables/location.xml",
      "isBold": false,
      "isHide": false,
      "isItalic": false,
      "isLocked": true,
      "isSelected": false,
      "isShadow": false,
      "isUnderline": false,
      "keepAspectRatio": true,
      "layerType": "Image",
      "positionXinPercentage": 0.051587302,
      "positionYinPercentage": 0.79821426,
      "shadowColor": "#000000",
      "textColor": "#000000",
      "textFontPath": "",
      "textSize": 9,
      "textString": "This is some text. This is some text.",
      "tintDrawableColor": "0",
      "widthInPercentage": 0.058531746
    },
    {
      "alpha": 255,
      "flipX": false,
      "flipY": false,
      "groupIcons": [],
      "heightInPercentage": 0.071428575,
      "imgDrawablePath": "",
      "isBold": false,
      "isHide": false,
      "isItalic": false,
      "isLocked": true,
      "isSelected": false,
      "isShadow": false,
      "isUnderline": false,
      "keepAspectRatio": false,
      "layerType": "TextView",
      "positionXinPercentage": 0.121031746,
      "positionYinPercentage": 0.54285717,
      "shadowColor": "#FFFFFF",
      "textColor": "#FFFFFF",
      "textFontPath": "template3/fonts/montserrat_regular.otf",
      "textSize": 3,
      "textString": "+923121234567\n+923121234567",
      "tintDrawableColor": "#000000",
      "widthInPercentage": 0.3
    },
    {
      "alpha": 255,
      "flipX": false,
      "flipY": false,
      "groupIcons": [],
      "heightInPercentage": 0.071428575,
      "imgDrawablePath": "",
      "isBold": false,
      "isHide": false,
      "isItalic": false,
      "isLocked": true,
      "isSelected": false,
      "isShadow": false,
      "isUnderline": false,
      "keepAspectRatio": false,
      "layerType": "TextView",
      "positionXinPercentage": 0.125,
      "positionYinPercentage": 0.67321426,
      "shadowColor": "#FFFFFF",
      "textColor": "#FFFFFF",
      "textFontPath": "template3/fonts/montserrat_regular.otf",
      "textSize": 3,
      "textString": "YOUR GMAIL.COM\nYOUR GMAIL.COM",
      "tintDrawableColor": "#000000",
      "widthInPercentage": 0.3
    },
    {
      "alpha": 255,
      "flipX": false,
      "flipY": false,
      "groupIcons": [],
      "heightInPercentage": 0.071428575,
      "imgDrawablePath": "",
      "isBold": false,
      "isHide": false,
      "isItalic": false,
      "isLocked": true,
      "isSelected": false,
      "isShadow": false,
      "isUnderline": false,
      "keepAspectRatio": false,
      "layerType": "TextView",
      "positionXinPercentage": 0.12648809,
      "positionYinPercentage": 0.80535716,
      "shadowColor": "#FFFFFF",
      "textColor": "#FFFFFF",
      "textFontPath": "template3/fonts/montserrat_regular.otf",
      "textSize": 3,
      "textString": "YOUR STREET ADDRESS HERE\nSTREET NUMBER 3",
      "tintDrawableColor": "#000000",
      "widthInPercentage": 0.3
    }
  ]
}