{
  "cardBackgroundColor": "#2e3442",
  "itemId": "",
  "mainItemList": [
    {
      "alpha": 255,
      "flipX": false,
      "flipY": false,
      "heightInPercentage": 0.4134952,
      "imgDrawablePath": "template3/drawables/layer_1.xml",
      "isBold": false,
      "isHide": false,
      "isItalic": false,
      "isLocked": true,
      "isSelected": false,
      "isShadow": false,
      "isUnderline": false,
      "keepAspectRatio": false,
      "layerType": "Image",
      "positionXinPercentage": 0.0,
      "positionYinPercentage": 0.38293338,
      "shadowColor": "#000000",
      "textColor": "#000000",
      "textFontPath": "",
      "textSize": 9,
      "textString": "This is some text. This is some text.",
      "tintDrawableColor": "0",
      "widthInPercentage": 0.10019841
    },
    {
      "alpha": 255,
      "flipX": false,
      "flipY": false,
      "heightInPercentage": 0.55892855,
      "imgDrawablePath": "template3/drawables/layer_2.xml",
      "isBold": false,
      "isHide": false,
      "isItalic": false,
      "isLocked": true,
      "isSelected": false,
      "isShadow": true,
      "isUnderline": false,
      "keepAspectRatio": false,
      "layerType": "Image",
      "positionXinPercentage": 0.0,
      "positionYinPercentage": 0.0,
      "shadowColor": "#000000",
      "textColor": "#000000",
      "textFontPath": "",
      "textSize": 9,
      "textString": "This is some text. This is some text.",
      "tintDrawableColor": "0",
      "widthInPercentage": 0.09821428
    },
    {
      "alpha": 255,
      "flipX": false,
      "flipY": false,
      "heightInPercentage": 0.05892857,
      "imgDrawablePath": "",
      "isBold": false,
      "isHide": false,
      "isItalic": false,
      "isLocked": true,
      "isSelected": false,
      "isShadow": false,
      "isUnderline": false,
      "keepAspectRatio": false,
      "layerType": "TextView",
      "positionXinPercentage": 0.3519631,
      "positionYinPercentage": 0.7354139,
      "shadowColor": "#FFFFFF",
      "textColor": "#FFFFFF",
      "textFontPath": "template3/fonts/raleway_semiBold.ttf",
      "textSize": 5,
      "textString": "YOUR SLOGAN HERE",
      "tintDrawableColor": "#000000",
      "widthInPercentage": 0.30803615
    },
    {
      "alpha": 255,
      "flipX": false,
      "flipY": false,
      "heightInPercentage": 0.12142857,
      "imgDrawablePath": "",
      "isBold": false,
      "isHide": false,
      "isItalic": false,
      "isLocked": true,
      "isSelected": false,
      "isShadow": false,
      "isUnderline": false,
      "keepAspectRatio": false,
      "layerType": "TextView",
      "positionXinPercentage": 0.27876985,
      "positionYinPercentage": 0.59910715,
      "shadowColor": "#FFFFFF",
      "textColor": "#FFFFFF",
      "textFontPath": "template3/fonts/montserrat_semiBold.otf",
      "textSize": 10,
      "textString": "LOREM STORE",
      "tintDrawableColor": "#000000",
      "widthInPercentage": 0.44394842
    },
    {
      "alpha": 255,
      "flipX": false,
      "flipY": false,
      "heightInPercentage": 0.34556884,
      "imgDrawablePath": "template3/drawables/loogo.xml",
      "isBold": false,
      "isHide": false,
      "isItalic": false,
      "isLocked": true,
      "isSelected": false,
      "isShadow": false,
      "isUnderline": false,
      "keepAspectRatio": true,
      "layerType": "Image",
      "positionXinPercentage": 0.39087301,
      "positionYinPercentage": 0.19910714,
      "shadowColor": "#000000",
      "textColor": "#000000",
      "textFontPath": "",
      "textSize": 9,
      "textString": "This is some text. This is some text.",
      "tintDrawableColor": "0",
      "widthInPercentage": 0.20734127
    },
    {
      "alpha": 255,
      "flipX": false,
      "flipY": true,
      "heightInPercentage": 0.41785714,
      "imgDrawablePath": "template3/drawables/layer_1.xml",
      "isBold": false,
      "isHide": false,
      "isItalic": false,
      "isLocked": false,
      "isSelected": false,
      "isShadow": false,
      "isUnderline": false,
      "keepAspectRatio": false,
      "layerType": "Image",
      "positionXinPercentage": 0.8800595,
      "positionYinPercentage": 0.19107144,
      "shadowColor": "#000000",
      "textColor": "#000000",
      "textFontPath": "",
      "textSize": 9,
      "textString": "This is some text. This is some text.",
      "tintDrawableColor": "0",
      "widthInPercentage": 0.1199405
    }
  ]
}